


CREATE SEQUENCE public.group_sequence
    START WITH 1
    INCREMENT BY 1
    NO MINVALUE
    NO MAXVALUE
    CACHE 1;


ALTER TABLE public.group_sequence OWNER TO postgres;

SET default_tablespace = '';

SET default_table_access_method = heap;

--
-- TOC entry 263 (class 1259 OID 17347)
-- Name: groups; Type: TABLE; Schema: public; Owner: postgres
--

CREATE TABLE public.groups (
    id bigint NOT NULL,
    name character varying(255)
);


ALTER TABLE public.groups OWNER TO postgres;

--
-- TOC entry 264 (class 1259 OID 17350)
-- Name: groups_products; Type: TABLE; Schema: public; Owner: postgres
--

CREATE TABLE public.groups_products (
    group_id bigint NOT NULL,
    product_id bigint NOT NULL
);


ALTER TABLE public.groups_products OWNER TO postgres;

--
-- TOC entry 265 (class 1259 OID 17353)
-- Name: groups_relations; Type: TABLE; Schema: public; Owner: postgres
--

CREATE TABLE public.groups_relations (
    group_id bigint NOT NULL,
    child_id bigint NOT NULL
);


ALTER TABLE public.groups_relations OWNER TO postgres;

--
-- TOC entry 266 (class 1259 OID 17357)
-- Name: order_sequence; Type: SEQUENCE; Schema: public; Owner: postgres
--

CREATE SEQUENCE public.order_sequence
    START WITH 1
    INCREMENT BY 1
    NO MINVALUE
    NO MAXVALUE
    CACHE 1;


ALTER TABLE public.order_sequence OWNER TO postgres;

--
-- TOC entry 267 (class 1259 OID 17359)
-- Name: orders; Type: TABLE; Schema: public; Owner: postgres
--

CREATE TABLE public.orders (
    id bigint NOT NULL,
    date_of_purchase timestamp without time zone,
    user_login character varying(255)
);


ALTER TABLE public.orders OWNER TO postgres;

--
-- TOC entry 268 (class 1259 OID 17362)
-- Name: product_sequence; Type: SEQUENCE; Schema: public; Owner: postgres
--

CREATE SEQUENCE public.product_sequence
    START WITH 1
    INCREMENT BY 1
    NO MINVALUE
    NO MAXVALUE
    CACHE 1;


ALTER TABLE public.product_sequence OWNER TO postgres;

--
-- TOC entry 269 (class 1259 OID 17364)
-- Name: products; Type: TABLE; Schema: public; Owner: postgres
--

CREATE TABLE public.products (
    id bigint NOT NULL,
    file_path character varying(255),
    name character varying(255),
    price integer NOT NULL
);


ALTER TABLE public.products OWNER TO postgres;

--
-- TOC entry 270 (class 1259 OID 17370)
-- Name: purchase_sequence; Type: SEQUENCE; Schema: public; Owner: postgres
--

CREATE SEQUENCE public.purchase_sequence
    START WITH 1
    INCREMENT BY 1
    NO MINVALUE
    NO MAXVALUE
    CACHE 1;


ALTER TABLE public.purchase_sequence OWNER TO postgres;

--
-- TOC entry 271 (class 1259 OID 17372)
-- Name: purchases; Type: TABLE; Schema: public; Owner: postgres
--

CREATE TABLE public.purchases (
    id bigint NOT NULL,
    amount bigint,
    order_id bigint,
    product_id bigint
);


ALTER TABLE public.purchases OWNER TO postgres;

--
-- TOC entry 272 (class 1259 OID 17376)
-- Name: roles; Type: TABLE; Schema: public; Owner: postgres
--

CREATE TABLE public.roles (
    name character varying(255) NOT NULL
);


ALTER TABLE public.roles OWNER TO postgres;

--
-- TOC entry 273 (class 1259 OID 17379)
-- Name: users; Type: TABLE; Schema: public; Owner: postgres
--

CREATE TABLE public.users (
    login character varying(255) NOT NULL,
    first_name character varying(255),
    last_name character varying(255),
    password character varying(255)
);


ALTER TABLE public.users OWNER TO postgres;

--
-- TOC entry 274 (class 1259 OID 17385)
-- Name: users_roles; Type: TABLE; Schema: public; Owner: postgres
--

CREATE TABLE public.users_roles (
    user_id character varying(255) NOT NULL,
    role_id character varying(255) NOT NULL
);


ALTER TABLE public.users_roles OWNER TO postgres;

--
-- TOC entry 3507 (class 0 OID 17347)
-- Dependencies: 263
-- Data for Name: groups; Type: TABLE DATA; Schema: public; Owner: postgres
--

COPY public.groups (id, name) FROM stdin;
1	Семена
2	Канцелярия
3	Огурца
4	Томаты
5	Ручки
6	Клей
7	Закладки
8	Стержни
9	Маркеры
10	Точилки
11	Ножницы
12	Дыроколы
13	Калькуляторы
14	Ручки шариковые
15	Ручки на подставке
16	Ручки гелевые
17	Роллеры
18	Капиллярные
19	Карандаш
20	Канцелярский
21	Пва
22	Клеящая лента
23	Шариковые
24	Гелевые
25	Для выделения текста
26	Перманентные
27	Для досок
28	Без контейнера
29	С контейнером
30	Канцелярские
31	Детские
32	Карманные
33	Научные
34	Настольные
35	Красные
36	test
\.


--
-- TOC entry 3508 (class 0 OID 17350)
-- Dependencies: 264
-- Data for Name: groups_products; Type: TABLE DATA; Schema: public; Owner: postgres
--

COPY public.groups_products (group_id, product_id) FROM stdin;
1	2
9	1002
27	1003
4	1004
23	1005
36	1006
23	1007
15	1008
36	1009
16	1010
7	1011
24	1012
19	1013
11	1014
3	1015
30	1016
20	1017
11	1018
9	1019
7	1020
36	1021
28	1022
22	1023
21	1024
5	1025
36	1026
22	1027
13	1028
19	1029
8	1030
33	1031
6	1032
4	1033
33	1034
31	1035
25	1036
19	1037
30	1038
9	1039
34	1040
14	1041
22	1042
2	1043
29	1044
13	1045
2	1046
1	1047
24	1048
31	1049
28	1050
32	1051
2	1052
4	1053
23	1054
10	1055
9	1056
16	1057
31	1058
30	1059
29	1060
8	1061
5	1062
28	1063
28	1064
3	1065
24	1066
29	1067
3	1068
28	1069
31	1070
7	1071
7	1072
27	1073
11	1074
12	1075
14	1076
34	1077
26	1078
29	1079
24	1080
6	1081
18	1082
27	1083
33	1084
19	1085
20	1086
24	1087
29	1088
24	1089
7	1090
11	1091
3	1092
17	1093
33	1094
23	1095
28	1096
8	1097
30	1098
22	1099
24	1100
26	1101
16	1102
7	1103
27	1104
15	1105
20	1106
29	1107
21	1108
32	1109
14	1110
15	1111
13	1112
13	1113
21	1114
14	1115
24	1116
24	1117
2	1118
6	1119
10	1120
22	1121
10	1122
13	1123
14	1124
29	1125
27	1126
1	1127
26	1128
18	1129
15	1130
25	1131
7	1132
8	1133
29	1134
28	1135
2	1136
3	1137
10	1138
6	1139
25	1140
35	1141
7	1142
15	1143
21	1144
25	1145
21	1146
22	1147
4	1148
4	1149
30	1150
19	1151
28	1152
32	1153
11	1154
17	1155
18	1156
21	1157
24	1158
8	1159
6	1160
15	1161
7	1162
18	1163
36	1164
15	1165
17	1166
18	1167
8	1168
1	1169
31	1170
10	1171
3	1172
32	1173
29	1174
13	1175
10	1176
36	1177
6	1178
30	1179
4	1180
15	1181
23	1182
34	1183
19	1184
28	1185
14	1186
26	1187
16	1188
20	1189
15	1190
30	1191
28	1192
6	1193
6	1194
26	1195
36	1196
31	1197
28	1198
8	1199
13	1200
15	1201
5	1202
21	1203
13	1204
23	1205
27	1206
29	1207
29	1208
24	1209
28	1210
26	1211
28	1212
20	1213
14	1214
17	1215
31	1216
17	1217
15	1218
29	1219
23	1220
15	1221
33	1222
29	1223
15	1224
24	1225
8	1226
8	1227
21	1228
35	1229
31	1230
8	1231
20	1232
4	1233
2	1234
24	1235
6	1236
28	1237
14	1238
19	1239
29	1240
4	1241
31	1242
31	1243
32	1244
1	1245
10	1246
10	1247
35	1248
35	1249
18	1250
21	1251
7	1252
10	1253
33	1254
11	1255
24	1256
11	1257
1	1258
21	1259
14	1260
4	1261
34	1262
36	1263
19	1264
20	1265
36	1266
15	1267
22	1268
30	1269
13	1270
19	1271
1	1272
12	1273
15	1274
33	1275
13	1276
3	1277
32	1278
15	1279
8	1280
22	1281
23	1282
11	1283
8	1284
13	1285
36	1286
5	1287
7	1288
13	1289
6	1290
32	1291
32	1292
29	1293
32	1294
33	1295
12	1296
24	1297
26	1298
24	1299
30	1300
22	1301
24	1302
16	1303
8	1304
8	1305
33	1306
10	1307
30	1308
33	1309
23	1310
34	1311
30	1312
27	1313
35	1314
34	1315
31	1316
31	1317
2	1318
31	1319
32	1320
9	1321
29	1322
6	1323
25	1324
35	1325
22	1326
35	1327
23	1328
18	1329
27	1330
2	1331
17	1332
7	1333
8	1334
8	1335
27	1336
17	1337
7	1338
4	1339
4	1340
5	1341
8	1342
20	1343
4	1344
16	1345
12	1346
10	1347
27	1348
5	1349
5	1350
29	1351
6	1352
35	1353
3	1354
1	1355
28	1356
18	1357
31	1358
22	1359
30	1360
28	1361
25	1362
22	1363
7	1364
18	1365
13	1366
9	1367
6	1368
13	1369
18	1370
23	1371
21	1372
23	1373
3	1374
21	1375
16	1376
27	1377
27	1378
16	1379
36	1380
14	1381
28	1382
15	1383
11	1384
15	1385
8	1386
4	1387
33	1388
14	1389
36	1390
26	1391
27	1392
20	1393
35	1394
34	1395
16	1396
7	1397
10	1398
36	1399
33	1400
34	1401
7	1402
14	1403
23	1404
29	1405
15	1406
21	1407
16	1408
19	1409
32	1410
31	1411
7	1412
31	1413
13	1414
21	1415
33	1416
29	1417
17	1418
8	1419
24	1420
30	1421
24	1422
19	1423
15	1424
16	1425
36	1426
22	1427
17	1428
25	1429
28	1430
14	1431
3	1432
3	1433
4	1434
1	1435
29	1436
17	1437
36	1438
28	1439
21	1440
36	1441
3	1442
36	1443
27	1444
28	1445
28	1446
34	1447
8	1448
33	1449
12	1450
23	1451
18	1452
11	1453
8	1454
33	1455
14	1456
35	1457
14	1458
8	1459
5	1460
26	1461
22	1462
33	1463
13	1464
23	1465
22	1466
29	1467
24	1468
15	1469
31	1470
17	1471
27	1472
6	1473
21	1474
10	1475
20	1476
9	1477
26	1478
12	1479
26	1480
28	1481
31	1482
33	1483
22	1484
20	1485
11	1486
28	1487
32	1488
33	1489
8	1490
7	1491
32	1492
23	1493
21	1494
18	1495
7	1496
9	1497
34	1498
9	1499
2	1500
25	1501
24	1502
6	1503
21	1504
29	1505
20	1506
29	1507
11	1508
29	1509
27	1510
13	1511
25	1512
32	1513
32	1514
33	1515
33	1516
30	1517
22	1518
23	1519
20	1520
11	1521
10	1522
20	1523
35	1524
23	1525
9	1526
5	1527
21	1528
26	1529
10	1530
30	1531
34	1532
36	1533
10	1534
22	1535
25	1536
25	1537
25	1538
22	1539
2	1540
4	1541
10	1542
19	1543
27	1544
27	1545
21	1546
19	1547
13	1548
17	1549
20	1550
8	1551
7	1552
27	1553
11	1554
17	1555
25	1556
36	1557
8	1558
2	1559
3	1560
3	1561
36	1562
23	1563
33	1564
31	1565
25	1566
8	1567
25	1568
31	1569
17	1570
12	1571
7	1572
36	1573
4	1574
12	1575
14	1576
12	1577
4	1578
4	1579
8	1580
13	1581
2	1582
5	1583
14	1584
11	1585
21	1586
34	1587
10	1588
23	1589
33	1590
20	1591
32	1592
33	1593
26	1594
36	1595
8	1596
8	1597
27	1598
21	1599
30	1600
10	1601
18	1602
12	1603
6	1604
11	1605
36	1606
33	1607
14	1608
16	1609
23	1610
3	1611
26	1612
29	1613
12	1614
3	1615
22	1616
10	1617
31	1618
1	1619
10	1620
19	1621
18	1622
9	1623
9	1624
31	1625
14	1626
2	1627
24	1628
8	1629
25	1630
34	1631
15	1632
2	1633
1	1634
33	1635
13	1636
18	1637
3	1638
34	1639
17	1640
21	1641
16	1642
16	1643
5	1644
1	1645
17	1646
35	1647
6	1648
12	1649
33	1650
29	1651
6	1652
13	1653
3	1654
16	1655
30	1656
17	1657
14	1658
24	1659
12	1660
27	1661
30	1662
29	1663
30	1664
3	1665
19	1666
7	1667
22	1668
12	1669
20	1670
7	1671
33	1672
4	1673
29	1674
28	1675
27	1676
11	1677
17	1678
27	1679
36	1680
33	1681
27	1682
23	1683
29	1684
21	1685
1	1686
36	1687
19	1688
27	1689
16	1690
19	1691
33	1692
20	1693
35	1694
23	1695
5	1696
1	1697
6	1698
3	1699
4	1700
22	1701
20	1702
24	1703
15	1704
14	1705
28	1706
34	1707
27	1708
21	1709
1	1710
28	1711
1	1712
13	1713
29	1714
17	1715
3	1716
22	1717
32	1718
22	1719
15	1720
1	1721
35	1722
30	1723
34	1724
8	1725
3	1726
24	1727
17	1728
4	1729
36	1730
12	1731
32	1732
4	1733
14	1734
13	1735
7	1736
30	1737
7	1738
27	1739
5	1740
8	1741
17	1742
6	1743
13	1744
5	1745
15	1746
3	1747
21	1748
17	1749
3	1750
23	1751
3	1752
35	1753
14	1754
13	1755
27	1756
15	1757
7	1758
8	1759
10	1760
1	1761
27	1762
15	1763
20	1764
1	1765
11	1766
34	1767
21	1768
12	1769
25	1770
10	1771
34	1772
3	1773
8	1774
12	1775
24	1776
35	1777
21	1778
24	1779
6	1780
30	1781
31	1782
1	1783
7	1784
26	1785
31	1786
21	1787
32	1788
8	1789
18	1790
10	1791
16	1792
7	1793
13	1794
3	1795
14	1796
30	1797
34	1798
18	1799
16	1800
8	1801
25	1802
4	1803
5	1804
19	1805
2	1806
32	1807
13	1808
29	1809
27	1810
20	1811
26	1812
36	1813
19	1814
9	1815
15	1816
28	1817
9	1818
1	1819
21	1820
28	1821
34	1822
8	1823
26	1824
1	1825
1	1826
36	1827
29	1828
35	1829
8	1830
7	1831
29	1832
2	1833
29	1834
36	1835
22	1836
28	1837
9	1838
9	1839
34	1840
34	1841
2	1842
16	1843
13	1844
24	1845
11	1846
19	1847
11	1848
15	1849
35	1850
34	1851
35	1852
2	1853
31	1854
1	1855
9	1856
1	1857
6	1858
31	1859
10	1860
35	1861
13	1862
31	1863
16	1864
19	1865
4	1866
10	1867
29	1868
21	1869
2	1870
34	1871
25	1872
30	1873
4	1874
23	1875
16	1876
2	1877
25	1878
23	1879
6	1880
6	1881
3	1882
31	1883
17	1884
23	1885
22	1886
20	1887
17	1888
19	1889
22	1890
32	1891
20	1892
15	1893
28	1894
12	1895
9	1896
17	1897
6	1898
31	1899
15	1900
27	1901
31	1902
25	1903
15	1904
25	1905
34	1906
21	1907
34	1908
9	1909
26	1910
21	1911
17	1912
5	1913
4	1914
8	1915
24	1916
3	1917
7	1918
19	1919
2	1920
21	1921
12	1922
17	1923
3	1924
26	1925
13	1926
4	1927
15	1928
26	1929
31	1930
14	1931
23	1932
10	1933
28	1934
16	1935
3	1936
16	1937
32	1938
3	1939
15	1940
34	1941
17	1942
16	1943
24	1944
33	1945
18	1946
2	1947
30	1948
6	1949
21	1950
36	1951
19	1952
4	1953
11	1954
24	1955
19	1956
6	1957
9	1958
20	1959
12	1960
21	1961
10	1962
28	1963
10	1964
1	1965
16	1966
16	1967
31	1968
21	1969
2	1970
36	1971
32	1972
25	1973
7	1974
2	1975
31	1976
36	1977
17	1978
29	1979
21	1980
19	1981
8	1982
32	1983
26	1984
9	1985
25	1986
1	1987
9	1988
1	1989
32	1990
36	1991
14	1992
22	1993
1	1994
16	1995
14	1996
21	1997
36	1998
10	1999
9	2000
\.


--
-- TOC entry 3509 (class 0 OID 17353)
-- Dependencies: 265
-- Data for Name: groups_relations; Type: TABLE DATA; Schema: public; Owner: postgres
--

COPY public.groups_relations (group_id, child_id) FROM stdin;
1	3
1	4
2	5
2	6
2	7
2	8
2	9
2	10
2	11
2	12
2	13
4	35
5	14
5	15
5	16
5	17
5	18
6	19
6	20
6	21
6	22
8	23
8	24
9	25
9	26
9	27
10	28
10	29
11	30
11	31
13	32
13	33
13	34
1	36
\.


--
-- TOC entry 3511 (class 0 OID 17359)
-- Dependencies: 267
-- Data for Name: orders; Type: TABLE DATA; Schema: public; Owner: postgres
--

COPY public.orders (id, date_of_purchase, user_login) FROM stdin;
1	2023-06-25 18:00:31.52392	user260
2	2023-06-25 18:00:32.004119	user278
3	2023-06-25 18:00:32.242224	user67
4	2023-06-25 18:00:32.576172	user181
5	2023-06-25 18:00:32.81905	user82
6	2023-06-25 18:00:33.268579	user444
7	2023-06-25 18:00:33.440555	user187
8	2023-06-25 18:00:33.630469	user415
9	2023-06-25 18:00:33.98379	user413
10	2023-06-25 18:00:34.276745	user382
11	2023-06-25 18:00:34.588498	user447
12	2023-06-25 18:00:34.83022	user52
13	2023-06-25 18:00:35.003425	user405
14	2023-06-25 18:00:35.417371	user335
15	2023-06-25 18:00:35.585081	user243
16	2023-06-25 18:00:35.968209	user258
17	2023-06-25 18:00:36.287515	user20
18	2023-06-25 18:00:36.526175	user207
19	2023-06-25 18:00:36.675813	user16
20	2023-06-25 18:00:37.021044	user20
21	2023-06-25 18:00:37.165759	user333
22	2023-06-25 18:00:37.507714	user170
23	2023-06-25 18:00:37.763064	user375
24	2023-06-25 18:00:38.090133	user230
25	2023-06-25 18:00:38.424418	user340
26	2023-06-25 18:00:38.55931	user239
27	2023-06-25 18:00:38.76609	user41
28	2023-06-25 18:00:39.157099	user222
29	2023-06-25 18:00:39.398956	user385
30	2023-06-25 18:00:39.852966	user117
31	2023-06-25 18:00:40.126147	user147
32	2023-06-25 18:00:40.278799	user436
33	2023-06-25 18:00:40.643778	user110
34	2023-06-25 18:00:40.913759	user83
35	2023-06-25 18:00:41.148349	user161
36	2023-06-25 18:00:41.632278	user166
37	2023-06-25 18:00:42.021881	user297
38	2023-06-25 18:00:42.199302	user100
39	2023-06-25 18:00:42.51008	user6
40	2023-06-25 18:00:42.943421	user54
41	2023-06-25 18:00:43.340199	user65
42	2023-06-25 18:00:43.741776	user249
43	2023-06-25 18:00:43.9258	user135
44	2023-06-25 18:00:44.368976	user73
45	2023-06-25 18:00:44.803676	user217
46	2023-06-25 18:00:45.015913	user333
47	2023-06-25 18:00:45.319216	user343
48	2023-06-25 18:00:45.633357	user176
49	2023-06-25 18:00:45.831128	user187
50	2023-06-25 18:00:46.306061	user133
51	2023-06-25 18:00:46.641636	user329
52	2023-06-25 18:00:46.811077	user322
53	2023-06-25 18:00:47.135967	user64
54	2023-06-25 18:00:47.337907	user231
55	2023-06-25 18:00:47.769242	user293
56	2023-06-25 18:00:47.924312	user33
57	2023-06-25 18:00:48.380264	user337
58	2023-06-25 18:00:48.6206	user257
59	2023-06-25 18:00:48.872196	user469
60	2023-06-25 18:00:49.354342	user247
61	2023-06-25 18:00:49.508033	user204
62	2023-06-25 18:00:49.822621	user252
63	2023-06-25 18:00:50.264161	user104
64	2023-06-25 18:00:50.506902	user89
65	2023-06-25 18:00:50.844247	user298
66	2023-06-25 18:00:51.265143	user127
67	2023-06-25 18:00:51.521703	user287
68	2023-06-25 18:00:51.801407	user153
69	2023-06-25 18:00:51.993365	user448
70	2023-06-25 18:00:52.183874	user9
71	2023-06-25 18:00:52.607362	user479
72	2023-06-25 18:00:52.934366	user336
73	2023-06-25 18:00:53.229536	user159
74	2023-06-25 18:00:53.405183	user325
75	2023-06-25 18:00:53.564245	user191
76	2023-06-25 18:00:53.756067	user296
77	2023-06-25 18:00:53.974834	user339
78	2023-06-25 18:00:54.184414	user319
79	2023-06-25 18:00:54.42992	user118
80	2023-06-25 18:00:54.793047	user276
81	2023-06-25 18:00:55.121127	user121
82	2023-06-25 18:00:55.702406	user434
83	2023-06-25 18:00:55.932219	user234
84	2023-06-25 18:00:56.301275	user56
85	2023-06-25 18:00:56.460712	user295
86	2023-06-25 18:00:56.925528	user230
87	2023-06-25 18:00:57.306064	user181
88	2023-06-25 18:00:57.550296	user232
89	2023-06-25 18:00:57.755936	user230
90	2023-06-25 18:00:57.979185	user315
91	2023-06-25 18:00:58.329906	user179
92	2023-06-25 18:00:58.479919	user171
93	2023-06-25 18:00:58.822998	user165
94	2023-06-25 18:00:59.197977	user218
95	2023-06-25 18:00:59.578943	user296
96	2023-06-25 18:00:59.869298	user118
97	2023-06-25 18:01:00.041292	user310
98	2023-06-25 18:01:00.426118	user197
99	2023-06-25 18:01:00.5787	user131
100	2023-06-25 18:01:00.808754	user51
101	2023-06-25 18:01:01.172779	user12
102	2023-06-25 18:01:01.479568	user14
103	2023-06-25 18:01:01.721342	user121
104	2023-06-25 18:01:01.881399	user193
105	2023-06-25 18:01:02.160457	user316
106	2023-06-25 18:01:02.585178	user283
107	2023-06-25 18:01:02.795515	user26
108	2023-06-25 18:01:03.125155	user262
109	2023-06-25 18:01:03.563041	user65
110	2023-06-25 18:01:03.834575	user47
111	2023-06-25 18:01:04.077097	user337
112	2023-06-25 18:01:04.318289	user198
113	2023-06-25 18:01:04.685791	user410
114	2023-06-25 18:01:04.889488	user160
115	2023-06-25 18:01:05.334978	user258
116	2023-06-25 18:01:05.595269	user451
117	2023-06-25 18:01:06.472439	user154
118	2023-06-25 18:01:06.937401	user234
119	2023-06-25 18:01:07.403167	user443
120	2023-06-25 18:01:07.592409	user272
121	2023-06-25 18:01:07.906122	user198
122	2023-06-25 18:01:08.21268	user169
123	2023-06-25 18:01:08.66658	user426
124	2023-06-25 18:01:09.136512	user269
125	2023-06-25 18:01:09.494051	user428
126	2023-06-25 18:01:09.819773	user318
127	2023-06-25 18:01:10.165327	user38
128	2023-06-25 18:01:10.69003	user70
129	2023-06-25 18:01:10.943285	user388
130	2023-06-25 18:01:11.440895	user103
131	2023-06-25 18:01:11.883832	user158
132	2023-06-25 18:01:12.053582	user29
133	2023-06-25 18:01:12.28354	user56
134	2023-06-25 18:01:12.470643	user55
135	2023-06-25 18:01:12.917521	user45
136	2023-06-25 18:01:13.142066	user114
137	2023-06-25 18:01:13.575235	user451
138	2023-06-25 18:01:14.005126	user73
139	2023-06-25 18:01:14.447299	user135
140	2023-06-25 18:01:14.649183	user17
141	2023-06-25 18:01:15.065926	user314
142	2023-06-25 18:01:15.483436	user490
143	2023-06-25 18:01:15.74897	user67
144	2023-06-25 18:01:16.056736	user249
145	2023-06-25 18:01:16.251562	user220
146	2023-06-25 18:01:16.639884	user260
147	2023-06-25 18:01:16.79073	user239
148	2023-06-25 18:01:17.204118	user80
149	2023-06-25 18:01:17.48596	user335
150	2023-06-25 18:01:17.862779	user13
151	2023-06-25 18:01:18.196415	user143
152	2023-06-25 18:01:18.329537	user72
153	2023-06-25 18:01:18.655292	user189
154	2023-06-25 18:01:18.9761	user177
155	2023-06-25 18:01:19.277782	user368
156	2023-06-25 18:01:19.703376	user268
157	2023-06-25 18:01:19.99357	user220
158	2023-06-25 18:01:20.151205	user288
159	2023-06-25 18:01:20.417404	user182
160	2023-06-25 18:01:20.817699	user421
161	2023-06-25 18:01:21.11112	user210
162	2023-06-25 18:01:21.39747	user113
163	2023-06-25 18:01:21.794644	user326
164	2023-06-25 18:01:22.099598	user453
165	2023-06-25 18:01:22.303221	user73
166	2023-06-25 18:01:22.659748	user76
167	2023-06-25 18:01:22.948407	user187
168	2023-06-25 18:01:23.180528	user359
169	2023-06-25 18:01:23.561133	user305
170	2023-06-25 18:01:23.794271	user85
171	2023-06-25 18:01:24.083054	user263
172	2023-06-25 18:01:24.315545	user464
173	2023-06-25 18:01:24.676061	user101
174	2023-06-25 18:01:25.142636	user141
175	2023-06-25 18:01:25.568951	user242
176	2023-06-25 18:01:25.966476	user94
177	2023-06-25 18:01:26.242742	user380
178	2023-06-25 18:01:26.438138	user4
179	2023-06-25 18:01:26.699111	user409
180	2023-06-25 18:01:26.953781	user72
181	2023-06-25 18:01:27.312708	user302
182	2023-06-25 18:01:27.512483	user198
183	2023-06-25 18:01:27.783393	user81
184	2023-06-25 18:01:28.155204	user123
185	2023-06-25 18:01:28.466325	user204
186	2023-06-25 18:01:28.621276	user396
187	2023-06-25 18:01:28.77746	user429
188	2023-06-25 18:01:29.190206	user93
189	2023-06-25 18:01:29.406945	user363
190	2023-06-25 18:01:29.579963	user409
191	2023-06-25 18:01:29.790821	user484
192	2023-06-25 18:01:30.266811	user357
193	2023-06-25 18:01:30.548698	user309
194	2023-06-25 18:01:30.870489	user231
195	2023-06-25 18:01:31.169336	user353
196	2023-06-25 18:01:31.497199	user123
197	2023-06-25 18:01:31.748434	user308
198	2023-06-25 18:01:31.884575	user458
199	2023-06-25 18:01:32.19376	user165
200	2023-06-25 18:01:32.486106	user286
201	2023-06-25 18:01:32.654841	user159
202	2023-06-25 18:01:33.029214	user259
203	2023-06-25 18:01:33.298543	user257
204	2023-06-25 18:01:33.677988	user238
205	2023-06-25 18:01:33.986813	user187
206	2023-06-25 18:01:34.323377	user412
207	2023-06-25 18:01:34.688999	user74
208	2023-06-25 18:01:35.046136	user353
209	2023-06-25 18:01:35.403483	user51
210	2023-06-25 18:01:35.566075	user165
211	2023-06-25 18:01:35.909568	user257
212	2023-06-25 18:01:36.114231	user300
213	2023-06-25 18:01:36.378153	user192
214	2023-06-25 18:01:36.714009	user174
215	2023-06-25 18:01:36.951121	user410
216	2023-06-25 18:01:37.288094	user253
217	2023-06-25 18:01:37.468613	user371
218	2023-06-25 18:01:37.725505	user146
219	2023-06-25 18:01:37.996185	user241
220	2023-06-25 18:01:38.178831	user412
221	2023-06-25 18:01:38.483404	user195
222	2023-06-25 18:01:38.672052	user35
223	2023-06-25 18:01:39.086261	user142
224	2023-06-25 18:01:39.880751	user362
225	2023-06-25 18:01:40.357284	user478
226	2023-06-25 18:01:40.545354	user290
227	2023-06-25 18:01:40.776459	user53
228	2023-06-25 18:01:40.945805	user354
229	2023-06-25 18:01:41.211974	user249
230	2023-06-25 18:01:41.468334	user281
231	2023-06-25 18:01:41.668229	user311
232	2023-06-25 18:01:41.814531	user322
233	2023-06-25 18:01:42.0916	user92
234	2023-06-25 18:01:42.350819	user10
235	2023-06-25 18:01:42.777607	user236
236	2023-06-25 18:01:43.018991	user183
237	2023-06-25 18:01:43.303987	user161
238	2023-06-25 18:01:43.559622	user267
239	2023-06-25 18:01:43.85959	user215
240	2023-06-25 18:01:44.061973	user396
241	2023-06-25 18:01:44.212635	user2
242	2023-06-25 18:01:44.4704	user31
243	2023-06-25 18:01:44.692918	user257
244	2023-06-25 18:01:44.838586	user218
245	2023-06-25 18:01:45.229174	user227
246	2023-06-25 18:01:45.397879	user404
247	2023-06-25 18:01:45.598211	user304
248	2023-06-25 18:01:45.741096	user121
249	2023-06-25 18:01:46.053841	user61
250	2023-06-25 18:01:46.241518	user143
251	2023-06-25 18:01:46.606694	user240
252	2023-06-25 18:01:46.785842	user384
253	2023-06-25 18:01:46.961128	user262
254	2023-06-25 18:01:47.206881	user92
255	2023-06-25 18:01:47.498539	user277
256	2023-06-25 18:01:48.009261	user360
257	2023-06-25 18:01:48.332159	user264
258	2023-06-25 18:01:48.661176	user477
259	2023-06-25 18:01:48.920609	user262
260	2023-06-25 18:01:49.1066	user256
261	2023-06-25 18:01:49.267333	user85
262	2023-06-25 18:01:49.518199	user286
263	2023-06-25 18:01:49.743906	user210
264	2023-06-25 18:01:50.135132	user35
265	2023-06-25 18:01:50.409265	user373
266	2023-06-25 18:01:50.566803	user115
267	2023-06-25 18:01:50.845869	user357
268	2023-06-25 18:01:51.167061	user293
269	2023-06-25 18:01:51.490833	user367
270	2023-06-25 18:01:51.725354	user317
271	2023-06-25 18:01:51.936599	user365
272	2023-06-25 18:01:52.115826	user446
273	2023-06-25 18:01:52.333087	user308
274	2023-06-25 18:01:52.60686	user357
275	2023-06-25 18:01:52.939135	user430
276	2023-06-25 18:01:53.35687	user344
277	2023-06-25 18:01:53.597484	user205
278	2023-06-25 18:01:53.972146	user250
279	2023-06-25 18:01:54.184107	user308
280	2023-06-25 18:01:54.331706	user341
281	2023-06-25 18:01:54.60998	user11
282	2023-06-25 18:01:54.965097	user146
283	2023-06-25 18:01:55.157946	user82
284	2023-06-25 18:01:55.294321	user17
285	2023-06-25 18:01:55.514203	user119
286	2023-06-25 18:01:55.953198	user473
287	2023-06-25 18:01:56.309328	user405
288	2023-06-25 18:01:56.629124	user205
289	2023-06-25 18:01:56.821705	user315
290	2023-06-25 18:01:56.998279	user214
291	2023-06-25 18:01:57.228603	user207
292	2023-06-25 18:01:57.353603	user75
293	2023-06-25 18:01:57.686175	user463
294	2023-06-25 18:01:57.844002	user159
295	2023-06-25 18:01:57.994809	user216
296	2023-06-25 18:01:58.298273	user244
297	2023-06-25 18:01:58.610133	user22
298	2023-06-25 18:01:58.82609	user96
299	2023-06-25 18:01:58.979116	user233
300	2023-06-25 18:01:59.298325	user161
301	2023-06-25 18:01:59.690884	user434
302	2023-06-25 18:02:00.023354	user467
303	2023-06-25 18:02:00.300028	user417
304	2023-06-25 18:02:00.446505	user336
305	2023-06-25 18:02:00.632051	user77
306	2023-06-25 18:02:00.937953	user453
307	2023-06-25 18:02:01.233976	user315
308	2023-06-25 18:02:01.590238	user55
309	2023-06-25 18:02:01.925974	user113
310	2023-06-25 18:02:02.076499	user377
311	2023-06-25 18:02:02.413572	user112
312	2023-06-25 18:02:02.607363	user419
313	2023-06-25 18:02:02.804155	user230
314	2023-06-25 18:02:03.03603	user469
315	2023-06-25 18:02:03.408081	user425
316	2023-06-25 18:02:03.721625	user159
317	2023-06-25 18:02:03.890608	user67
318	2023-06-25 18:02:04.312437	user490
319	2023-06-25 18:02:04.664953	user306
320	2023-06-25 18:02:05.069951	user171
321	2023-06-25 18:02:05.519789	user273
322	2023-06-25 18:02:05.700277	user454
323	2023-06-25 18:02:06.129424	user406
324	2023-06-25 18:02:06.497229	user338
325	2023-06-25 18:02:06.69968	user387
326	2023-06-25 18:02:07.022109	user314
327	2023-06-25 18:02:07.344393	user79
328	2023-06-25 18:02:07.498032	user470
329	2023-06-25 18:02:07.653021	user121
330	2023-06-25 18:02:07.98347	user410
331	2023-06-25 18:02:08.380724	user211
332	2023-06-25 18:02:08.603501	user245
333	2023-06-25 18:02:08.818108	user56
334	2023-06-25 18:02:09.142533	user152
335	2023-06-25 18:02:09.446393	user152
336	2023-06-25 18:02:09.59015	user153
337	2023-06-25 18:02:09.752135	user16
338	2023-06-25 18:02:10.022886	user407
339	2023-06-25 18:02:10.203415	user157
340	2023-06-25 18:02:10.384244	user163
341	2023-06-25 18:02:10.561939	user123
342	2023-06-25 18:02:10.821513	user258
343	2023-06-25 18:02:10.957766	user302
344	2023-06-25 18:02:11.140807	user67
345	2023-06-25 18:02:11.278732	user388
346	2023-06-25 18:02:11.491013	user52
347	2023-06-25 18:02:11.665792	user459
348	2023-06-25 18:02:11.93802	user35
349	2023-06-25 18:02:12.161686	user196
350	2023-06-25 18:02:12.491016	user298
351	2023-06-25 18:02:12.807426	user270
352	2023-06-25 18:02:13.0992	user198
353	2023-06-25 18:02:13.429998	user499
354	2023-06-25 18:02:13.565842	user389
355	2023-06-25 18:02:13.745283	user241
356	2023-06-25 18:02:13.926709	user212
357	2023-06-25 18:02:14.254035	user409
358	2023-06-25 18:02:14.410552	user279
359	2023-06-25 18:02:14.772356	user107
360	2023-06-25 18:02:15.039574	user130
361	2023-06-25 18:02:15.214216	user270
362	2023-06-25 18:02:15.476936	user368
363	2023-06-25 18:02:15.677303	user286
364	2023-06-25 18:02:15.966971	user238
365	2023-06-25 18:02:16.325959	user19
366	2023-06-25 18:02:16.78869	user285
367	2023-06-25 18:02:17.104369	user170
368	2023-06-25 18:02:17.44474	user89
369	2023-06-25 18:02:17.868295	user253
370	2023-06-25 18:02:18.040473	user390
371	2023-06-25 18:02:18.436934	user298
372	2023-06-25 18:02:18.747332	user128
373	2023-06-25 18:02:19.136244	user437
374	2023-06-25 18:02:19.543747	user148
375	2023-06-25 18:02:19.839999	user56
376	2023-06-25 18:02:20.235216	user297
377	2023-06-25 18:02:20.629032	user386
378	2023-06-25 18:02:21.015226	user456
379	2023-06-25 18:02:21.161371	user246
380	2023-06-25 18:02:21.359197	user356
381	2023-06-25 18:02:21.725154	user471
382	2023-06-25 18:02:22.159031	user291
383	2023-06-25 18:02:22.482657	user95
384	2023-06-25 18:02:22.683675	user178
385	2023-06-25 18:02:22.985619	user469
386	2023-06-25 18:02:23.307077	user71
387	2023-06-25 18:02:23.449604	user252
388	2023-06-25 18:02:23.646632	user323
389	2023-06-25 18:02:23.945901	user219
390	2023-06-25 18:02:24.261967	user211
391	2023-06-25 18:02:24.432766	user193
392	2023-06-25 18:02:24.740517	user264
393	2023-06-25 18:02:25.06843	user288
394	2023-06-25 18:02:25.410959	user244
395	2023-06-25 18:02:25.809204	user9
396	2023-06-25 18:02:26.249232	user371
397	2023-06-25 18:02:26.445353	user346
398	2023-06-25 18:02:26.648517	user6
399	2023-06-25 18:02:26.950842	user237
400	2023-06-25 18:02:27.275064	user295
401	2023-06-25 18:02:27.700328	user233
402	2023-06-25 18:02:27.97179	user17
403	2023-06-25 18:02:28.271253	user143
404	2023-06-25 18:02:28.549398	user213
405	2023-06-25 18:02:28.917247	user453
406	2023-06-25 18:02:29.072278	user26
407	2023-06-25 18:02:29.394379	user280
408	2023-06-25 18:02:29.599649	user254
409	2023-06-25 18:02:29.99734	user303
410	2023-06-25 18:02:30.47336	user172
411	2023-06-25 18:02:30.799161	user184
412	2023-06-25 18:02:30.993815	user480
413	2023-06-25 18:02:31.337228	user490
414	2023-06-25 18:02:31.539297	user137
415	2023-06-25 18:02:31.842726	user77
416	2023-06-25 18:02:32.041677	user391
417	2023-06-25 18:02:32.273475	user460
418	2023-06-25 18:02:32.596796	user265
419	2023-06-25 18:02:32.969243	user61
420	2023-06-25 18:02:33.40482	user189
421	2023-06-25 18:02:33.676357	user267
422	2023-06-25 18:02:34.074248	user390
423	2023-06-25 18:02:34.491517	user1
424	2023-06-25 18:02:34.757789	user282
425	2023-06-25 18:02:34.904263	user60
426	2023-06-25 18:02:35.326942	user331
427	2023-06-25 18:02:35.564402	user125
428	2023-06-25 18:02:35.769161	user224
429	2023-06-25 18:02:35.921438	user230
430	2023-06-25 18:02:36.271129	user213
431	2023-06-25 18:02:36.501536	user320
432	2023-06-25 18:02:36.694343	user57
433	2023-06-25 18:02:36.845626	user492
434	2023-06-25 18:02:37.001867	user452
435	2023-06-25 18:02:37.201475	user389
436	2023-06-25 18:02:37.434408	user275
437	2023-06-25 18:02:37.771709	user117
438	2023-06-25 18:02:38.035957	user195
439	2023-06-25 18:02:38.344109	user267
440	2023-06-25 18:02:38.543974	user463
441	2023-06-25 18:02:39.027849	user268
442	2023-06-25 18:02:39.321994	user218
443	2023-06-25 18:02:39.636951	user399
444	2023-06-25 18:02:40.003988	user81
445	2023-06-25 18:02:40.375888	user264
446	2023-06-25 18:02:40.598237	user22
447	2023-06-25 18:02:40.768114	user170
448	2023-06-25 18:02:41.134001	user377
449	2023-06-25 18:02:41.293256	user476
450	2023-06-25 18:02:41.506913	user58
451	2023-06-25 18:02:41.729637	user276
452	2023-06-25 18:02:41.963418	user452
453	2023-06-25 18:02:42.339079	user262
454	2023-06-25 18:02:42.656613	user33
455	2023-06-25 18:02:42.854132	user177
456	2023-06-25 18:02:43.030927	user7
457	2023-06-25 18:02:43.169542	user269
458	2023-06-25 18:02:43.491339	user170
459	2023-06-25 18:02:43.816816	user443
460	2023-06-25 18:02:44.302883	user324
461	2023-06-25 18:02:44.5434	user497
462	2023-06-25 18:02:44.933187	user238
463	2023-06-25 18:02:45.3893	user16
464	2023-06-25 18:02:45.587337	user80
465	2023-06-25 18:02:45.845303	user190
466	2023-06-25 18:02:46.22361	user336
467	2023-06-25 18:02:46.646285	user22
468	2023-06-25 18:02:46.780197	user98
469	2023-06-25 18:02:46.958124	user364
470	2023-06-25 18:02:47.263886	user443
471	2023-06-25 18:02:47.45268	user187
472	2023-06-25 18:02:47.732297	user395
473	2023-06-25 18:02:48.025188	user399
474	2023-06-25 18:02:48.194031	user8
475	2023-06-25 18:02:48.419185	user206
476	2023-06-25 18:02:48.553458	user316
477	2023-06-25 18:02:48.708356	user494
478	2023-06-25 18:02:49.171416	user224
479	2023-06-25 18:02:49.392863	user477
480	2023-06-25 18:02:49.647231	user448
481	2023-06-25 18:02:50.19043	user4
482	2023-06-25 18:02:50.38586	user84
483	2023-06-25 18:02:50.615105	user47
484	2023-06-25 18:02:50.790675	user96
485	2023-06-25 18:02:50.984612	user493
486	2023-06-25 18:02:51.34143	user43
487	2023-06-25 18:02:51.595885	user6
488	2023-06-25 18:02:51.801182	user309
489	2023-06-25 18:02:52.039221	user292
490	2023-06-25 18:02:52.256716	user324
491	2023-06-25 18:02:52.441556	user483
492	2023-06-25 18:02:52.755775	user149
493	2023-06-25 18:02:52.920418	user100
494	2023-06-25 18:02:53.091033	user488
495	2023-06-25 18:02:53.391402	user173
496	2023-06-25 18:02:53.745592	user493
497	2023-06-25 18:02:54.020381	user159
498	2023-06-25 18:02:54.32985	user210
499	2023-06-25 18:02:54.562784	user85
500	2023-06-25 18:02:54.872978	user416
501	2023-06-25 18:02:55.305236	user347
502	2023-06-25 18:02:55.590554	user7
503	2023-06-25 18:02:55.851026	user70
504	2023-06-25 18:02:56.2619	user106
505	2023-06-25 18:02:56.63251	user190
506	2023-06-25 18:02:56.825815	user364
507	2023-06-25 18:02:57.246299	user131
508	2023-06-25 18:02:57.555491	user240
509	2023-06-25 18:02:57.985363	user326
510	2023-06-25 18:02:58.491817	user336
511	2023-06-25 18:02:58.724571	user69
512	2023-06-25 18:02:59.139606	user54
513	2023-06-25 18:02:59.500185	user7
514	2023-06-25 18:02:59.708958	user161
515	2023-06-25 18:03:00.128968	user356
516	2023-06-25 18:03:00.277195	user65
517	2023-06-25 18:03:00.674644	user294
518	2023-06-25 18:03:01.12023	user175
519	2023-06-25 18:03:01.28328	user94
520	2023-06-25 18:03:01.454782	user445
521	2023-06-25 18:03:01.732828	user432
522	2023-06-25 18:03:01.875402	user401
523	2023-06-25 18:03:02.173069	user312
524	2023-06-25 18:03:02.318281	user59
525	2023-06-25 18:03:02.59188	user69
526	2023-06-25 18:03:02.945501	user367
527	2023-06-25 18:03:03.198243	user396
528	2023-06-25 18:03:03.370584	user255
529	2023-06-25 18:03:03.719642	user356
530	2023-06-25 18:03:04.109727	user285
531	2023-06-25 18:03:04.235303	user215
532	2023-06-25 18:03:04.492675	user255
533	2023-06-25 18:03:04.979534	user217
534	2023-06-25 18:03:05.305391	user242
535	2023-06-25 18:03:05.478154	user261
536	2023-06-25 18:03:05.852079	user493
537	2023-06-25 18:03:06.014067	user272
538	2023-06-25 18:03:06.380002	user138
539	2023-06-25 18:03:06.708598	user387
540	2023-06-25 18:03:06.960292	user184
541	2023-06-25 18:03:07.308994	user304
542	2023-06-25 18:03:07.527859	user19
543	2023-06-25 18:03:07.828322	user249
544	2023-06-25 18:03:07.963421	user373
545	2023-06-25 18:03:08.368871	user476
546	2023-06-25 18:03:08.501442	user485
547	2023-06-25 18:03:08.786298	user473
548	2023-06-25 18:03:09.244136	user151
549	2023-06-25 18:03:09.460901	user174
550	2023-06-25 18:03:09.805909	user122
551	2023-06-25 18:03:09.954207	user104
552	2023-06-25 18:03:10.281439	user337
553	2023-06-25 18:03:10.540798	user28
554	2023-06-25 18:03:10.910313	user308
555	2023-06-25 18:03:11.177756	user78
556	2023-06-25 18:03:11.639526	user166
557	2023-06-25 18:03:11.777126	user105
558	2023-06-25 18:03:12.095691	user302
559	2023-06-25 18:03:12.46492	user452
560	2023-06-25 18:03:13.007783	user249
561	2023-06-25 18:03:13.441371	user409
562	2023-06-25 18:03:13.775829	user326
563	2023-06-25 18:03:14.189793	user493
564	2023-06-25 18:03:14.622818	user156
565	2023-06-25 18:03:14.986119	user44
566	2023-06-25 18:03:15.396313	user441
567	2023-06-25 18:03:15.675419	user284
568	2023-06-25 18:03:15.907954	user452
569	2023-06-25 18:03:16.045437	user83
570	2023-06-25 18:03:16.484202	user427
571	2023-06-25 18:03:16.84741	user10
572	2023-06-25 18:03:17.004106	user439
573	2023-06-25 18:03:17.380965	user352
574	2023-06-25 18:03:17.586386	user63
575	2023-06-25 18:03:17.790935	user270
576	2023-06-25 18:03:17.983251	user474
577	2023-06-25 18:03:18.549716	user376
578	2023-06-25 18:03:18.720073	user328
579	2023-06-25 18:03:19.051515	user178
580	2023-06-25 18:03:19.430181	user77
581	2023-06-25 18:03:19.57861	user435
582	2023-06-25 18:03:19.76267	user61
583	2023-06-25 18:03:20.114946	user403
584	2023-06-25 18:03:20.343628	user305
585	2023-06-25 18:03:20.631208	user341
586	2023-06-25 18:03:20.977721	user382
587	2023-06-25 18:03:21.276313	user27
588	2023-06-25 18:03:21.503451	user31
589	2023-06-25 18:03:21.763187	user290
590	2023-06-25 18:03:22.124681	user496
591	2023-06-25 18:03:22.415964	user492
592	2023-06-25 18:03:22.714522	user462
593	2023-06-25 18:03:23.035352	user251
594	2023-06-25 18:03:23.325847	user160
595	2023-06-25 18:03:23.667935	user368
596	2023-06-25 18:03:24.038096	user283
597	2023-06-25 18:03:24.24652	user411
598	2023-06-25 18:03:24.484507	user34
599	2023-06-25 18:03:24.773861	user35
600	2023-06-25 18:03:25.089922	user88
601	2023-06-25 18:03:25.220625	user179
602	2023-06-25 18:03:25.621923	user55
603	2023-06-25 18:03:25.799218	user265
604	2023-06-25 18:03:25.977708	user38
605	2023-06-25 18:03:26.247055	user162
606	2023-06-25 18:03:26.685968	user122
607	2023-06-25 18:03:26.896417	user391
608	2023-06-25 18:03:27.253398	user52
609	2023-06-25 18:03:27.697792	user91
610	2023-06-25 18:03:27.904503	user242
611	2023-06-25 18:03:28.288262	user150
612	2023-06-25 18:03:28.67204	user477
613	2023-06-25 18:03:29.02394	user270
614	2023-06-25 18:03:29.434141	user494
615	2023-06-25 18:03:29.920418	user82
616	2023-06-25 18:03:30.203366	user120
617	2023-06-25 18:03:30.50237	user96
618	2023-06-25 18:03:30.944417	user443
619	2023-06-25 18:03:31.122778	user474
620	2023-06-25 18:03:31.410156	user43
621	2023-06-25 18:03:31.721674	user181
622	2023-06-25 18:03:32.272686	user332
623	2023-06-25 18:03:32.615535	user370
624	2023-06-25 18:03:32.775308	user494
625	2023-06-25 18:03:33.148741	user319
626	2023-06-25 18:03:33.485425	user412
627	2023-06-25 18:03:33.726967	user330
628	2023-06-25 18:03:33.996368	user57
629	2023-06-25 18:03:34.218379	user129
630	2023-06-25 18:03:34.353458	user413
631	2023-06-25 18:03:34.652566	user485
632	2023-06-25 18:03:34.905878	user61
633	2023-06-25 18:03:35.065259	user319
634	2023-06-25 18:03:35.327544	user482
635	2023-06-25 18:03:35.513315	user370
636	2023-06-25 18:03:35.662791	user109
637	2023-06-25 18:03:35.817601	user212
638	2023-06-25 18:03:36.042876	user202
639	2023-06-25 18:03:36.319795	user462
640	2023-06-25 18:03:36.578626	user170
641	2023-06-25 18:03:36.746309	user498
642	2023-06-25 18:03:37.195876	user408
643	2023-06-25 18:03:37.410396	user270
644	2023-06-25 18:03:37.634346	user99
645	2023-06-25 18:03:37.938992	user481
646	2023-06-25 18:03:38.369736	user449
647	2023-06-25 18:03:38.758086	user480
648	2023-06-25 18:03:39.11959	user112
649	2023-06-25 18:03:39.272695	user247
650	2023-06-25 18:03:39.560782	user486
651	2023-06-25 18:03:39.937478	user426
652	2023-06-25 18:03:40.259262	user156
653	2023-06-25 18:03:40.557462	user415
654	2023-06-25 18:03:40.765242	user102
655	2023-06-25 18:03:41.165016	user453
656	2023-06-25 18:03:41.579092	user327
657	2023-06-25 18:03:41.80851	user103
658	2023-06-25 18:03:42.14482	user56
659	2023-06-25 18:03:42.526511	user381
660	2023-06-25 18:03:42.906992	user127
661	2023-06-25 18:03:43.108108	user154
662	2023-06-25 18:03:43.509913	user318
663	2023-06-25 18:03:43.701948	user312
664	2023-06-25 18:03:44.07997	user420
665	2023-06-25 18:03:44.354273	user17
666	2023-06-25 18:03:44.600285	user243
667	2023-06-25 18:03:44.751734	user473
668	2023-06-25 18:03:44.883431	user168
669	2023-06-25 18:03:45.173358	user448
670	2023-06-25 18:03:45.303172	user236
671	2023-06-25 18:03:45.634674	user118
672	2023-06-25 18:03:45.924449	user57
673	2023-06-25 18:03:46.274043	user122
674	2023-06-25 18:03:46.534608	user469
675	2023-06-25 18:03:46.860993	user79
676	2023-06-25 18:03:47.016272	user222
677	2023-06-25 18:03:47.272761	user79
678	2023-06-25 18:03:47.686264	user98
679	2023-06-25 18:03:48.072069	user18
680	2023-06-25 18:03:48.387556	user389
681	2023-06-25 18:03:48.65342	user204
682	2023-06-25 18:03:48.838123	user264
683	2023-06-25 18:03:49.292505	user264
684	2023-06-25 18:03:49.469987	user124
685	2023-06-25 18:03:49.659338	user56
686	2023-06-25 18:03:50.054675	user139
687	2023-06-25 18:03:50.473261	user409
688	2023-06-25 18:03:50.83915	user277
689	2023-06-25 18:03:51.152826	user1
690	2023-06-25 18:03:51.483122	user182
691	2023-06-25 18:03:51.836536	user254
692	2023-06-25 18:03:52.210847	user222
693	2023-06-25 18:03:52.413894	user187
694	2023-06-25 18:03:52.764551	user305
695	2023-06-25 18:03:53.04417	user2
696	2023-06-25 18:03:53.466336	user293
697	2023-06-25 18:03:53.636594	user377
698	2023-06-25 18:03:53.767492	user54
699	2023-06-25 18:03:53.963779	user363
700	2023-06-25 18:03:54.13231	user176
701	2023-06-25 18:03:54.545751	user136
702	2023-06-25 18:03:54.789615	user187
703	2023-06-25 18:03:55.168238	user86
704	2023-06-25 18:03:55.367726	user144
705	2023-06-25 18:03:55.768997	user495
706	2023-06-25 18:03:55.993524	user120
707	2023-06-25 18:03:56.535493	user334
708	2023-06-25 18:03:56.671116	user293
709	2023-06-25 18:03:56.805584	user392
710	2023-06-25 18:03:56.971144	user171
711	2023-06-25 18:03:57.391944	user345
712	2023-06-25 18:03:57.67458	user132
713	2023-06-25 18:03:57.99728	user215
714	2023-06-25 18:03:58.384215	user492
715	2023-06-25 18:03:58.524509	user347
716	2023-06-25 18:03:58.853279	user447
717	2023-06-25 18:03:58.988786	user291
718	2023-06-25 18:03:59.190038	user171
719	2023-06-25 18:03:59.55814	user375
720	2023-06-25 18:03:59.764456	user117
721	2023-06-25 18:04:00.026658	user372
722	2023-06-25 18:04:00.350544	user395
723	2023-06-25 18:04:00.670093	user380
724	2023-06-25 18:04:00.853828	user488
725	2023-06-25 18:04:01.197045	user96
726	2023-06-25 18:04:01.657732	user455
727	2023-06-25 18:04:01.854852	user56
728	2023-06-25 18:04:02.109762	user142
729	2023-06-25 18:04:02.258459	user284
730	2023-06-25 18:04:02.540512	user52
731	2023-06-25 18:04:02.867532	user311
732	2023-06-25 18:04:03.220121	user187
733	2023-06-25 18:04:03.568386	user361
734	2023-06-25 18:04:03.735807	user231
735	2023-06-25 18:04:03.888167	user64
736	2023-06-25 18:04:04.256614	user411
737	2023-06-25 18:04:04.60329	user318
738	2023-06-25 18:04:04.76052	user206
739	2023-06-25 18:04:04.977534	user179
740	2023-06-25 18:04:05.166708	user216
741	2023-06-25 18:04:05.413197	user477
742	2023-06-25 18:04:05.640038	user440
743	2023-06-25 18:04:05.826714	user187
744	2023-06-25 18:04:06.022159	user43
745	2023-06-25 18:04:06.226839	user440
746	2023-06-25 18:04:06.482594	user309
747	2023-06-25 18:04:06.6076	user389
748	2023-06-25 18:04:06.916162	user453
749	2023-06-25 18:04:07.126929	user158
750	2023-06-25 18:04:07.391292	user461
751	2023-06-25 18:04:07.651959	user26
752	2023-06-25 18:04:07.847465	user50
753	2023-06-25 18:04:08.149827	user196
754	2023-06-25 18:04:08.505263	user443
755	2023-06-25 18:04:08.671206	user110
756	2023-06-25 18:04:08.843461	user434
757	2023-06-25 18:04:08.973805	user258
758	2023-06-25 18:04:09.282267	user213
759	2023-06-25 18:04:09.430955	user494
760	2023-06-25 18:04:09.554299	user284
761	2023-06-25 18:04:09.764861	user60
762	2023-06-25 18:04:10.119893	user66
763	2023-06-25 18:04:10.442692	user84
764	2023-06-25 18:04:10.795424	user231
765	2023-06-25 18:04:11.187127	user208
766	2023-06-25 18:04:11.493172	user324
767	2023-06-25 18:04:11.80508	user301
768	2023-06-25 18:04:12.076894	user429
769	2023-06-25 18:04:12.476756	user216
770	2023-06-25 18:04:12.727023	user295
771	2023-06-25 18:04:13.061083	user381
772	2023-06-25 18:04:13.222661	user396
773	2023-06-25 18:04:13.359147	user405
774	2023-06-25 18:04:13.701874	user283
775	2023-06-25 18:04:13.858716	user356
776	2023-06-25 18:04:14.124786	user482
777	2023-06-25 18:04:14.27859	user283
778	2023-06-25 18:04:14.657723	user305
779	2023-06-25 18:04:15.050661	user353
780	2023-06-25 18:04:15.224288	user51
781	2023-06-25 18:04:15.466856	user130
782	2023-06-25 18:04:15.808908	user21
783	2023-06-25 18:04:16.106437	user163
784	2023-06-25 18:04:16.280884	user162
785	2023-06-25 18:04:16.581969	user300
786	2023-06-25 18:04:16.759237	user102
787	2023-06-25 18:04:16.950725	user80
788	2023-06-25 18:04:17.252811	user304
789	2023-06-25 18:04:17.608011	user385
790	2023-06-25 18:04:17.745494	user106
791	2023-06-25 18:04:18.034839	user196
792	2023-06-25 18:04:18.244856	user450
793	2023-06-25 18:04:18.62125	user244
794	2023-06-25 18:04:18.877552	user52
795	2023-06-25 18:04:19.144123	user155
796	2023-06-25 18:04:19.329224	user177
797	2023-06-25 18:04:19.641438	user204
798	2023-06-25 18:04:19.765002	user276
799	2023-06-25 18:04:20.009689	user127
800	2023-06-25 18:04:20.189148	user356
801	2023-06-25 18:04:20.43181	user66
802	2023-06-25 18:04:20.687982	user432
803	2023-06-25 18:04:20.814823	user340
804	2023-06-25 18:04:21.090056	user79
805	2023-06-25 18:04:21.39667	user407
806	2023-06-25 18:04:21.602183	user280
807	2023-06-25 18:04:21.735549	user366
808	2023-06-25 18:04:21.913498	user66
809	2023-06-25 18:04:22.313059	user33
810	2023-06-25 18:04:22.587312	user313
811	2023-06-25 18:04:22.956953	user166
812	2023-06-25 18:04:23.244205	user141
813	2023-06-25 18:04:23.523491	user122
814	2023-06-25 18:04:23.839564	user330
815	2023-06-25 18:04:23.969884	user457
816	2023-06-25 18:04:24.392683	user144
817	2023-06-25 18:04:24.762736	user433
818	2023-06-25 18:04:24.986902	user56
819	2023-06-25 18:04:25.271637	user74
820	2023-06-25 18:04:25.627239	user352
821	2023-06-25 18:04:25.976209	user442
822	2023-06-25 18:04:26.097018	user233
823	2023-06-25 18:04:26.318951	user478
824	2023-06-25 18:04:26.585495	user88
825	2023-06-25 18:04:26.753044	user193
826	2023-06-25 18:04:27.030086	user449
827	2023-06-25 18:04:27.352613	user404
828	2023-06-25 18:04:27.554098	user357
829	2023-06-25 18:04:27.813108	user174
830	2023-06-25 18:04:27.95633	user373
831	2023-06-25 18:04:28.304488	user28
832	2023-06-25 18:04:28.590672	user370
833	2023-06-25 18:04:28.759471	user262
834	2023-06-25 18:04:29.178513	user183
835	2023-06-25 18:04:29.350294	user146
836	2023-06-25 18:04:29.7264	user498
837	2023-06-25 18:04:30.052834	user161
838	2023-06-25 18:04:30.302108	user12
839	2023-06-25 18:04:30.647682	user445
840	2023-06-25 18:04:31.06071	user480
841	2023-06-25 18:04:31.191652	user355
842	2023-06-25 18:04:31.337171	user236
843	2023-06-25 18:04:31.59183	user233
844	2023-06-25 18:04:31.769122	user43
845	2023-06-25 18:04:31.8939	user259
846	2023-06-25 18:04:32.067977	user165
847	2023-06-25 18:04:32.392618	user488
848	2023-06-25 18:04:32.52989	user201
849	2023-06-25 18:04:32.780998	user232
850	2023-06-25 18:04:33.138453	user229
851	2023-06-25 18:04:33.570419	user391
852	2023-06-25 18:04:33.939945	user5
853	2023-06-25 18:04:34.184705	user136
854	2023-06-25 18:04:34.599254	user151
855	2023-06-25 18:04:34.837691	user46
856	2023-06-25 18:04:35.104671	user53
857	2023-06-25 18:04:35.25121	user35
858	2023-06-25 18:04:35.448401	user354
859	2023-06-25 18:04:35.716361	user140
860	2023-06-25 18:04:35.939626	user21
861	2023-06-25 18:04:36.299178	user4
862	2023-06-25 18:04:36.620381	user188
863	2023-06-25 18:04:36.827908	user138
864	2023-06-25 18:04:36.973846	user109
865	2023-06-25 18:04:37.135333	user55
866	2023-06-25 18:04:37.446075	user391
867	2023-06-25 18:04:37.623259	user337
868	2023-06-25 18:04:37.817745	user14
869	2023-06-25 18:04:37.994199	user339
870	2023-06-25 18:04:38.385518	user329
871	2023-06-25 18:04:38.755487	user363
872	2023-06-25 18:04:38.878488	user448
873	2023-06-25 18:04:39.113057	user430
874	2023-06-25 18:04:39.265921	user102
875	2023-06-25 18:04:39.458127	user6
876	2023-06-25 18:04:39.789214	user47
877	2023-06-25 18:04:40.116897	user10
878	2023-06-25 18:04:40.390042	user413
879	2023-06-25 18:04:40.592086	user181
880	2023-06-25 18:04:40.84161	user368
881	2023-06-25 18:04:41.116138	user115
882	2023-06-25 18:04:41.430737	user34
883	2023-06-25 18:04:41.570308	user421
884	2023-06-25 18:04:41.77127	user73
885	2023-06-25 18:04:41.963432	user7
886	2023-06-25 18:04:42.173645	user346
887	2023-06-25 18:04:42.517846	user389
888	2023-06-25 18:04:42.773412	user347
889	2023-06-25 18:04:42.895724	user470
890	2023-06-25 18:04:43.219942	user80
891	2023-06-25 18:04:43.349245	user264
892	2023-06-25 18:04:43.507673	user432
893	2023-06-25 18:04:43.706663	user344
894	2023-06-25 18:04:43.93096	user147
895	2023-06-25 18:04:44.267393	user47
896	2023-06-25 18:04:44.634805	user417
897	2023-06-25 18:04:45.029154	user351
898	2023-06-25 18:04:45.480308	user419
899	2023-06-25 18:04:45.760037	user309
900	2023-06-25 18:04:46.09698	user391
901	2023-06-25 18:04:46.369404	user209
902	2023-06-25 18:04:46.714327	user145
903	2023-06-25 18:04:46.851586	user27
904	2023-06-25 18:04:47.328713	user330
905	2023-06-25 18:04:47.664184	user397
906	2023-06-25 18:04:47.886978	user78
907	2023-06-25 18:04:48.22147	user101
908	2023-06-25 18:04:48.477725	user339
909	2023-06-25 18:04:48.743315	user405
910	2023-06-25 18:04:49.135517	user475
911	2023-06-25 18:04:49.497728	user41
912	2023-06-25 18:04:49.661695	user302
913	2023-06-25 18:04:49.859231	user289
914	2023-06-25 18:04:50.128121	user418
915	2023-06-25 18:04:50.483321	user124
916	2023-06-25 18:04:50.737176	user287
917	2023-06-25 18:04:51.076481	user219
918	2023-06-25 18:04:51.477093	user120
919	2023-06-25 18:04:51.658248	user218
920	2023-06-25 18:04:51.997303	user219
921	2023-06-25 18:04:52.437324	user211
922	2023-06-25 18:04:52.564944	user369
923	2023-06-25 18:04:52.790544	user225
924	2023-06-25 18:04:53.184957	user356
925	2023-06-25 18:04:53.361725	user267
926	2023-06-25 18:04:53.707635	user485
927	2023-06-25 18:04:54.08595	user464
928	2023-06-25 18:04:54.223402	user466
929	2023-06-25 18:04:54.528756	user299
930	2023-06-25 18:04:54.779946	user217
931	2023-06-25 18:04:55.047627	user11
932	2023-06-25 18:04:55.418647	user222
933	2023-06-25 18:04:55.600338	user140
934	2023-06-25 18:04:55.930047	user9
935	2023-06-25 18:04:56.205209	user57
936	2023-06-25 18:04:56.583503	user201
937	2023-06-25 18:04:56.868432	user69
938	2023-06-25 18:04:57.221337	user379
939	2023-06-25 18:04:57.645484	user460
940	2023-06-25 18:04:57.889015	user200
941	2023-06-25 18:04:58.196608	user366
942	2023-06-25 18:04:58.521781	user187
943	2023-06-25 18:04:58.72339	user181
944	2023-06-25 18:04:58.866409	user95
945	2023-06-25 18:04:59.299599	user369
946	2023-06-25 18:04:59.569801	user366
947	2023-06-25 18:04:59.892737	user399
948	2023-06-25 18:05:00.282567	user393
949	2023-06-25 18:05:00.400931	user270
950	2023-06-25 18:05:00.545973	user315
951	2023-06-25 18:05:00.701896	user244
952	2023-06-25 18:05:01.00992	user124
953	2023-06-25 18:05:01.22457	user270
954	2023-06-25 18:05:01.550253	user3
955	2023-06-25 18:05:01.684377	user109
956	2023-06-25 18:05:01.8324	user368
957	2023-06-25 18:05:02.024433	user414
958	2023-06-25 18:05:02.396581	user422
959	2023-06-25 18:05:02.722758	user397
960	2023-06-25 18:05:03.123904	user82
961	2023-06-25 18:05:03.5296	user348
962	2023-06-25 18:05:03.762465	user271
963	2023-06-25 18:05:03.941172	user337
964	2023-06-25 18:05:04.099578	user263
965	2023-06-25 18:05:04.369107	user58
966	2023-06-25 18:05:04.512299	user176
967	2023-06-25 18:05:04.723333	user59
968	2023-06-25 18:05:05.107901	user159
969	2023-06-25 18:05:05.446825	user44
970	2023-06-25 18:05:05.668218	user237
971	2023-06-25 18:05:06.109208	user353
972	2023-06-25 18:05:06.364957	user150
973	2023-06-25 18:05:06.51621	user314
974	2023-06-25 18:05:06.638081	user203
975	2023-06-25 18:05:06.941627	user444
976	2023-06-25 18:05:07.083761	user278
977	2023-06-25 18:05:07.236363	user125
978	2023-06-25 18:05:07.569451	user91
979	2023-06-25 18:05:07.838234	user222
980	2023-06-25 18:05:07.974068	user167
981	2023-06-25 18:05:08.155503	user378
982	2023-06-25 18:05:08.605528	user335
983	2023-06-25 18:05:08.885762	user393
984	2023-06-25 18:05:09.171925	user458
985	2023-06-25 18:05:09.426593	user479
986	2023-06-25 18:05:09.652172	user58
987	2023-06-25 18:05:09.772654	user359
988	2023-06-25 18:05:09.932763	user105
989	2023-06-25 18:05:10.113858	user182
990	2023-06-25 18:05:10.445469	user291
991	2023-06-25 18:05:10.752184	user171
992	2023-06-25 18:05:10.953368	user204
993	2023-06-25 18:05:11.32106	user254
994	2023-06-25 18:05:11.54053	user369
\.


--
-- TOC entry 3513 (class 0 OID 17364)
-- Dependencies: 269
-- Data for Name: products; Type: TABLE DATA; Schema: public; Owner: postgres
--

COPY public.products (id, file_path, name, price) FROM stdin;
2	/Семена/test1	test1	123
1002	/Канцелярия/Маркеры/product1	product1	71
1003	/Канцелярия/Маркеры/Для досок/product2	product2	11
1004	/Семена/Томаты/product3	product3	914
1005	/Канцелярия/Стержни/Шариковые/product4	product4	657
1006	/Семена/test/product5	product5	653
1007	/Канцелярия/Стержни/Шариковые/product6	product6	575
1008	/Канцелярия/Ручки/Ручки на подставке/product7	product7	337
1009	/Семена/test/product8	product8	813
1010	/Канцелярия/Ручки/Ручки гелевые/product9	product9	775
1011	/Канцелярия/Закладки/product10	product10	142
1012	/Канцелярия/Стержни/Гелевые/product11	product11	15
1013	/Канцелярия/Клей/Карандаш/product12	product12	325
1014	/Канцелярия/Ножницы/product13	product13	408
1015	/Семена/Огурца/product14	product14	448
1016	/Канцелярия/Ножницы/Канцелярские/product15	product15	518
1017	/Канцелярия/Клей/Канцелярский/product16	product16	674
1018	/Канцелярия/Ножницы/product17	product17	197
1019	/Канцелярия/Маркеры/product18	product18	653
1020	/Канцелярия/Закладки/product19	product19	691
1021	/Семена/test/product20	product20	753
1022	/Канцелярия/Точилки/Без контейнера/product21	product21	563
1023	/Канцелярия/Клей/Клеящая лента/product22	product22	67
1024	/Канцелярия/Клей/Пва/product23	product23	213
1025	/Канцелярия/Ручки/product24	product24	343
1026	/Семена/test/product25	product25	185
1027	/Канцелярия/Клей/Клеящая лента/product26	product26	420
1028	/Канцелярия/Калькуляторы/product27	product27	470
1029	/Канцелярия/Клей/Карандаш/product28	product28	975
1030	/Канцелярия/Стержни/product29	product29	904
1031	/Канцелярия/Калькуляторы/Научные/product30	product30	886
1032	/Канцелярия/Клей/product31	product31	123
1033	/Семена/Томаты/product32	product32	904
1034	/Канцелярия/Калькуляторы/Научные/product33	product33	760
1035	/Канцелярия/Ножницы/Детские/product34	product34	693
1036	/Канцелярия/Маркеры/Для выделения текста/product35	product35	729
1037	/Канцелярия/Клей/Карандаш/product36	product36	188
1038	/Канцелярия/Ножницы/Канцелярские/product37	product37	139
1039	/Канцелярия/Маркеры/product38	product38	240
1040	/Канцелярия/Калькуляторы/Настольные/product39	product39	180
1041	/Канцелярия/Ручки/Ручки шариковые/product40	product40	387
1042	/Канцелярия/Клей/Клеящая лента/product41	product41	853
1043	/Канцелярия/product42	product42	126
1044	/Канцелярия/Точилки/С контейнером/product43	product43	927
1045	/Канцелярия/Калькуляторы/product44	product44	525
1046	/Канцелярия/product45	product45	20
1047	/Семена/product46	product46	602
1048	/Канцелярия/Стержни/Гелевые/product47	product47	948
1049	/Канцелярия/Ножницы/Детские/product48	product48	815
1050	/Канцелярия/Точилки/Без контейнера/product49	product49	90
1051	/Канцелярия/Калькуляторы/Карманные/product50	product50	231
1052	/Канцелярия/product51	product51	413
1053	/Семена/Томаты/product52	product52	20
1054	/Канцелярия/Стержни/Шариковые/product53	product53	390
1055	/Канцелярия/Точилки/product54	product54	439
1056	/Канцелярия/Маркеры/product55	product55	647
1057	/Канцелярия/Ручки/Ручки гелевые/product56	product56	719
1058	/Канцелярия/Ножницы/Детские/product57	product57	485
1059	/Канцелярия/Ножницы/Канцелярские/product58	product58	145
1060	/Канцелярия/Точилки/С контейнером/product59	product59	433
1061	/Канцелярия/Стержни/product60	product60	706
1062	/Канцелярия/Ручки/product61	product61	680
1063	/Канцелярия/Точилки/Без контейнера/product62	product62	773
1064	/Канцелярия/Точилки/Без контейнера/product63	product63	612
1065	/Семена/Огурца/product64	product64	889
1066	/Канцелярия/Стержни/Гелевые/product65	product65	13
1067	/Канцелярия/Точилки/С контейнером/product66	product66	126
1068	/Семена/Огурца/product67	product67	635
1069	/Канцелярия/Точилки/Без контейнера/product68	product68	784
1070	/Канцелярия/Ножницы/Детские/product69	product69	684
1071	/Канцелярия/Закладки/product70	product70	43
1072	/Канцелярия/Закладки/product71	product71	416
1073	/Канцелярия/Маркеры/Для досок/product72	product72	281
1074	/Канцелярия/Ножницы/product73	product73	444
1075	/Канцелярия/Дыроколы/product74	product74	580
1076	/Канцелярия/Ручки/Ручки шариковые/product75	product75	422
1077	/Канцелярия/Калькуляторы/Настольные/product76	product76	394
1078	/Канцелярия/Маркеры/Перманентные/product77	product77	198
1079	/Канцелярия/Точилки/С контейнером/product78	product78	406
1080	/Канцелярия/Стержни/Гелевые/product79	product79	613
1081	/Канцелярия/Клей/product80	product80	530
1082	/Канцелярия/Ручки/Капиллярные/product81	product81	501
1083	/Канцелярия/Маркеры/Для досок/product82	product82	761
1084	/Канцелярия/Калькуляторы/Научные/product83	product83	340
1085	/Канцелярия/Клей/Карандаш/product84	product84	365
1086	/Канцелярия/Клей/Канцелярский/product85	product85	777
1087	/Канцелярия/Стержни/Гелевые/product86	product86	506
1088	/Канцелярия/Точилки/С контейнером/product87	product87	712
1089	/Канцелярия/Стержни/Гелевые/product88	product88	816
1090	/Канцелярия/Закладки/product89	product89	215
1091	/Канцелярия/Ножницы/product90	product90	740
1092	/Семена/Огурца/product91	product91	974
1093	/Канцелярия/Ручки/Роллеры/product92	product92	114
1094	/Канцелярия/Калькуляторы/Научные/product93	product93	402
1095	/Канцелярия/Стержни/Шариковые/product94	product94	281
1096	/Канцелярия/Точилки/Без контейнера/product95	product95	827
1097	/Канцелярия/Стержни/product96	product96	917
1098	/Канцелярия/Ножницы/Канцелярские/product97	product97	346
1099	/Канцелярия/Клей/Клеящая лента/product98	product98	658
1100	/Канцелярия/Стержни/Гелевые/product99	product99	343
1101	/Канцелярия/Маркеры/Перманентные/product100	product100	666
1102	/Канцелярия/Ручки/Ручки гелевые/product101	product101	844
1103	/Канцелярия/Закладки/product102	product102	917
1104	/Канцелярия/Маркеры/Для досок/product103	product103	51
1105	/Канцелярия/Ручки/Ручки на подставке/product104	product104	720
1106	/Канцелярия/Клей/Канцелярский/product105	product105	558
1107	/Канцелярия/Точилки/С контейнером/product106	product106	291
1108	/Канцелярия/Клей/Пва/product107	product107	16
1109	/Канцелярия/Калькуляторы/Карманные/product108	product108	214
1110	/Канцелярия/Ручки/Ручки шариковые/product109	product109	290
1111	/Канцелярия/Ручки/Ручки на подставке/product110	product110	459
1112	/Канцелярия/Калькуляторы/product111	product111	93
1113	/Канцелярия/Калькуляторы/product112	product112	143
1114	/Канцелярия/Клей/Пва/product113	product113	409
1115	/Канцелярия/Ручки/Ручки шариковые/product114	product114	950
1116	/Канцелярия/Стержни/Гелевые/product115	product115	66
1117	/Канцелярия/Стержни/Гелевые/product116	product116	893
1118	/Канцелярия/product117	product117	747
1119	/Канцелярия/Клей/product118	product118	521
1120	/Канцелярия/Точилки/product119	product119	452
1121	/Канцелярия/Клей/Клеящая лента/product120	product120	930
1122	/Канцелярия/Точилки/product121	product121	504
1123	/Канцелярия/Калькуляторы/product122	product122	262
1124	/Канцелярия/Ручки/Ручки шариковые/product123	product123	576
1125	/Канцелярия/Точилки/С контейнером/product124	product124	444
1126	/Канцелярия/Маркеры/Для досок/product125	product125	708
1127	/Семена/product126	product126	205
1128	/Канцелярия/Маркеры/Перманентные/product127	product127	58
1129	/Канцелярия/Ручки/Капиллярные/product128	product128	623
1130	/Канцелярия/Ручки/Ручки на подставке/product129	product129	464
1131	/Канцелярия/Маркеры/Для выделения текста/product130	product130	903
1132	/Канцелярия/Закладки/product131	product131	306
1133	/Канцелярия/Стержни/product132	product132	212
1134	/Канцелярия/Точилки/С контейнером/product133	product133	419
1135	/Канцелярия/Точилки/Без контейнера/product134	product134	991
1136	/Канцелярия/product135	product135	878
1137	/Семена/Огурца/product136	product136	32
1138	/Канцелярия/Точилки/product137	product137	475
1139	/Канцелярия/Клей/product138	product138	747
1140	/Канцелярия/Маркеры/Для выделения текста/product139	product139	633
1141	/Семена/Томаты/Красные/product140	product140	190
1142	/Канцелярия/Закладки/product141	product141	438
1143	/Канцелярия/Ручки/Ручки на подставке/product142	product142	684
1144	/Канцелярия/Клей/Пва/product143	product143	463
1145	/Канцелярия/Маркеры/Для выделения текста/product144	product144	626
1146	/Канцелярия/Клей/Пва/product145	product145	621
1147	/Канцелярия/Клей/Клеящая лента/product146	product146	404
1148	/Семена/Томаты/product147	product147	177
1149	/Семена/Томаты/product148	product148	203
1150	/Канцелярия/Ножницы/Канцелярские/product149	product149	712
1151	/Канцелярия/Клей/Карандаш/product150	product150	348
1152	/Канцелярия/Точилки/Без контейнера/product151	product151	355
1153	/Канцелярия/Калькуляторы/Карманные/product152	product152	983
1154	/Канцелярия/Ножницы/product153	product153	101
1155	/Канцелярия/Ручки/Роллеры/product154	product154	304
1156	/Канцелярия/Ручки/Капиллярные/product155	product155	789
1157	/Канцелярия/Клей/Пва/product156	product156	514
1158	/Канцелярия/Стержни/Гелевые/product157	product157	236
1159	/Канцелярия/Стержни/product158	product158	940
1160	/Канцелярия/Клей/product159	product159	591
1161	/Канцелярия/Ручки/Ручки на подставке/product160	product160	840
1162	/Канцелярия/Закладки/product161	product161	648
1163	/Канцелярия/Ручки/Капиллярные/product162	product162	565
1164	/Семена/test/product163	product163	184
1165	/Канцелярия/Ручки/Ручки на подставке/product164	product164	513
1166	/Канцелярия/Ручки/Роллеры/product165	product165	333
1167	/Канцелярия/Ручки/Капиллярные/product166	product166	817
1168	/Канцелярия/Стержни/product167	product167	329
1169	/Семена/product168	product168	519
1170	/Канцелярия/Ножницы/Детские/product169	product169	106
1171	/Канцелярия/Точилки/product170	product170	409
1172	/Семена/Огурца/product171	product171	639
1173	/Канцелярия/Калькуляторы/Карманные/product172	product172	269
1174	/Канцелярия/Точилки/С контейнером/product173	product173	437
1175	/Канцелярия/Калькуляторы/product174	product174	286
1176	/Канцелярия/Точилки/product175	product175	111
1177	/Семена/test/product176	product176	584
1178	/Канцелярия/Клей/product177	product177	415
1179	/Канцелярия/Ножницы/Канцелярские/product178	product178	762
1180	/Семена/Томаты/product179	product179	311
1181	/Канцелярия/Ручки/Ручки на подставке/product180	product180	341
1182	/Канцелярия/Стержни/Шариковые/product181	product181	888
1183	/Канцелярия/Калькуляторы/Настольные/product182	product182	907
1184	/Канцелярия/Клей/Карандаш/product183	product183	320
1185	/Канцелярия/Точилки/Без контейнера/product184	product184	906
1186	/Канцелярия/Ручки/Ручки шариковые/product185	product185	910
1187	/Канцелярия/Маркеры/Перманентные/product186	product186	928
1188	/Канцелярия/Ручки/Ручки гелевые/product187	product187	912
1189	/Канцелярия/Клей/Канцелярский/product188	product188	67
1190	/Канцелярия/Ручки/Ручки на подставке/product189	product189	282
1191	/Канцелярия/Ножницы/Канцелярские/product190	product190	503
1192	/Канцелярия/Точилки/Без контейнера/product191	product191	79
1193	/Канцелярия/Клей/product192	product192	950
1194	/Канцелярия/Клей/product193	product193	91
1195	/Канцелярия/Маркеры/Перманентные/product194	product194	701
1196	/Семена/test/product195	product195	912
1197	/Канцелярия/Ножницы/Детские/product196	product196	675
1198	/Канцелярия/Точилки/Без контейнера/product197	product197	525
1199	/Канцелярия/Стержни/product198	product198	132
1200	/Канцелярия/Калькуляторы/product199	product199	222
1201	/Канцелярия/Ручки/Ручки на подставке/product200	product200	832
1202	/Канцелярия/Ручки/product201	product201	939
1203	/Канцелярия/Клей/Пва/product202	product202	881
1204	/Канцелярия/Калькуляторы/product203	product203	943
1205	/Канцелярия/Стержни/Шариковые/product204	product204	670
1206	/Канцелярия/Маркеры/Для досок/product205	product205	497
1207	/Канцелярия/Точилки/С контейнером/product206	product206	842
1208	/Канцелярия/Точилки/С контейнером/product207	product207	412
1209	/Канцелярия/Стержни/Гелевые/product208	product208	506
1210	/Канцелярия/Точилки/Без контейнера/product209	product209	700
1211	/Канцелярия/Маркеры/Перманентные/product210	product210	178
1212	/Канцелярия/Точилки/Без контейнера/product211	product211	911
1213	/Канцелярия/Клей/Канцелярский/product212	product212	987
1214	/Канцелярия/Ручки/Ручки шариковые/product213	product213	316
1215	/Канцелярия/Ручки/Роллеры/product214	product214	648
1216	/Канцелярия/Ножницы/Детские/product215	product215	968
1217	/Канцелярия/Ручки/Роллеры/product216	product216	543
1218	/Канцелярия/Ручки/Ручки на подставке/product217	product217	758
1219	/Канцелярия/Точилки/С контейнером/product218	product218	714
1220	/Канцелярия/Стержни/Шариковые/product219	product219	200
1221	/Канцелярия/Ручки/Ручки на подставке/product220	product220	876
1222	/Канцелярия/Калькуляторы/Научные/product221	product221	311
1223	/Канцелярия/Точилки/С контейнером/product222	product222	123
1224	/Канцелярия/Ручки/Ручки на подставке/product223	product223	711
1225	/Канцелярия/Стержни/Гелевые/product224	product224	531
1226	/Канцелярия/Стержни/product225	product225	457
1227	/Канцелярия/Стержни/product226	product226	137
1228	/Канцелярия/Клей/Пва/product227	product227	60
1229	/Семена/Томаты/Красные/product228	product228	207
1230	/Канцелярия/Ножницы/Детские/product229	product229	407
1231	/Канцелярия/Стержни/product230	product230	157
1232	/Канцелярия/Клей/Канцелярский/product231	product231	994
1233	/Семена/Томаты/product232	product232	762
1234	/Канцелярия/product233	product233	320
1235	/Канцелярия/Стержни/Гелевые/product234	product234	283
1236	/Канцелярия/Клей/product235	product235	977
1237	/Канцелярия/Точилки/Без контейнера/product236	product236	573
1238	/Канцелярия/Ручки/Ручки шариковые/product237	product237	267
1239	/Канцелярия/Клей/Карандаш/product238	product238	506
1240	/Канцелярия/Точилки/С контейнером/product239	product239	328
1241	/Семена/Томаты/product240	product240	969
1242	/Канцелярия/Ножницы/Детские/product241	product241	610
1243	/Канцелярия/Ножницы/Детские/product242	product242	75
1244	/Канцелярия/Калькуляторы/Карманные/product243	product243	433
1245	/Семена/product244	product244	347
1246	/Канцелярия/Точилки/product245	product245	545
1247	/Канцелярия/Точилки/product246	product246	894
1248	/Семена/Томаты/Красные/product247	product247	924
1249	/Семена/Томаты/Красные/product248	product248	361
1250	/Канцелярия/Ручки/Капиллярные/product249	product249	813
1251	/Канцелярия/Клей/Пва/product250	product250	554
1252	/Канцелярия/Закладки/product251	product251	452
1253	/Канцелярия/Точилки/product252	product252	406
1254	/Канцелярия/Калькуляторы/Научные/product253	product253	121
1255	/Канцелярия/Ножницы/product254	product254	850
1256	/Канцелярия/Стержни/Гелевые/product255	product255	625
1257	/Канцелярия/Ножницы/product256	product256	643
1258	/Семена/product257	product257	678
1259	/Канцелярия/Клей/Пва/product258	product258	258
1260	/Канцелярия/Ручки/Ручки шариковые/product259	product259	513
1261	/Семена/Томаты/product260	product260	348
1262	/Канцелярия/Калькуляторы/Настольные/product261	product261	94
1263	/Семена/test/product262	product262	36
1264	/Канцелярия/Клей/Карандаш/product263	product263	777
1265	/Канцелярия/Клей/Канцелярский/product264	product264	206
1266	/Семена/test/product265	product265	125
1267	/Канцелярия/Ручки/Ручки на подставке/product266	product266	774
1268	/Канцелярия/Клей/Клеящая лента/product267	product267	67
1269	/Канцелярия/Ножницы/Канцелярские/product268	product268	493
1270	/Канцелярия/Калькуляторы/product269	product269	328
1271	/Канцелярия/Клей/Карандаш/product270	product270	897
1272	/Семена/product271	product271	235
1273	/Канцелярия/Дыроколы/product272	product272	485
1274	/Канцелярия/Ручки/Ручки на подставке/product273	product273	774
1275	/Канцелярия/Калькуляторы/Научные/product274	product274	195
1276	/Канцелярия/Калькуляторы/product275	product275	468
1277	/Семена/Огурца/product276	product276	251
1278	/Канцелярия/Калькуляторы/Карманные/product277	product277	16
1279	/Канцелярия/Ручки/Ручки на подставке/product278	product278	798
1280	/Канцелярия/Стержни/product279	product279	340
1281	/Канцелярия/Клей/Клеящая лента/product280	product280	752
1282	/Канцелярия/Стержни/Шариковые/product281	product281	495
1283	/Канцелярия/Ножницы/product282	product282	776
1284	/Канцелярия/Стержни/product283	product283	948
1285	/Канцелярия/Калькуляторы/product284	product284	863
1286	/Семена/test/product285	product285	465
1287	/Канцелярия/Ручки/product286	product286	162
1288	/Канцелярия/Закладки/product287	product287	545
1289	/Канцелярия/Калькуляторы/product288	product288	428
1290	/Канцелярия/Клей/product289	product289	504
1291	/Канцелярия/Калькуляторы/Карманные/product290	product290	947
1292	/Канцелярия/Калькуляторы/Карманные/product291	product291	585
1293	/Канцелярия/Точилки/С контейнером/product292	product292	891
1294	/Канцелярия/Калькуляторы/Карманные/product293	product293	140
1295	/Канцелярия/Калькуляторы/Научные/product294	product294	326
1296	/Канцелярия/Дыроколы/product295	product295	979
1297	/Канцелярия/Стержни/Гелевые/product296	product296	998
1298	/Канцелярия/Маркеры/Перманентные/product297	product297	994
1299	/Канцелярия/Стержни/Гелевые/product298	product298	968
1300	/Канцелярия/Ножницы/Канцелярские/product299	product299	796
1301	/Канцелярия/Клей/Клеящая лента/product300	product300	671
1302	/Канцелярия/Стержни/Гелевые/product301	product301	175
1303	/Канцелярия/Ручки/Ручки гелевые/product302	product302	209
1304	/Канцелярия/Стержни/product303	product303	211
1305	/Канцелярия/Стержни/product304	product304	870
1306	/Канцелярия/Калькуляторы/Научные/product305	product305	641
1307	/Канцелярия/Точилки/product306	product306	20
1308	/Канцелярия/Ножницы/Канцелярские/product307	product307	991
1309	/Канцелярия/Калькуляторы/Научные/product308	product308	445
1310	/Канцелярия/Стержни/Шариковые/product309	product309	460
1311	/Канцелярия/Калькуляторы/Настольные/product310	product310	535
1312	/Канцелярия/Ножницы/Канцелярские/product311	product311	89
1313	/Канцелярия/Маркеры/Для досок/product312	product312	459
1314	/Семена/Томаты/Красные/product313	product313	96
1315	/Канцелярия/Калькуляторы/Настольные/product314	product314	849
1316	/Канцелярия/Ножницы/Детские/product315	product315	231
1317	/Канцелярия/Ножницы/Детские/product316	product316	165
1318	/Канцелярия/product317	product317	942
1319	/Канцелярия/Ножницы/Детские/product318	product318	403
1320	/Канцелярия/Калькуляторы/Карманные/product319	product319	388
1321	/Канцелярия/Маркеры/product320	product320	708
1322	/Канцелярия/Точилки/С контейнером/product321	product321	573
1323	/Канцелярия/Клей/product322	product322	620
1324	/Канцелярия/Маркеры/Для выделения текста/product323	product323	484
1325	/Семена/Томаты/Красные/product324	product324	590
1326	/Канцелярия/Клей/Клеящая лента/product325	product325	51
1327	/Семена/Томаты/Красные/product326	product326	415
1328	/Канцелярия/Стержни/Шариковые/product327	product327	906
1329	/Канцелярия/Ручки/Капиллярные/product328	product328	363
1330	/Канцелярия/Маркеры/Для досок/product329	product329	308
1331	/Канцелярия/product330	product330	846
1332	/Канцелярия/Ручки/Роллеры/product331	product331	394
1333	/Канцелярия/Закладки/product332	product332	593
1334	/Канцелярия/Стержни/product333	product333	604
1335	/Канцелярия/Стержни/product334	product334	27
1336	/Канцелярия/Маркеры/Для досок/product335	product335	73
1337	/Канцелярия/Ручки/Роллеры/product336	product336	827
1338	/Канцелярия/Закладки/product337	product337	759
1339	/Семена/Томаты/product338	product338	176
1340	/Семена/Томаты/product339	product339	565
1341	/Канцелярия/Ручки/product340	product340	469
1342	/Канцелярия/Стержни/product341	product341	971
1343	/Канцелярия/Клей/Канцелярский/product342	product342	529
1344	/Семена/Томаты/product343	product343	519
1345	/Канцелярия/Ручки/Ручки гелевые/product344	product344	696
1346	/Канцелярия/Дыроколы/product345	product345	232
1347	/Канцелярия/Точилки/product346	product346	781
1348	/Канцелярия/Маркеры/Для досок/product347	product347	980
1349	/Канцелярия/Ручки/product348	product348	689
1350	/Канцелярия/Ручки/product349	product349	833
1351	/Канцелярия/Точилки/С контейнером/product350	product350	578
1352	/Канцелярия/Клей/product351	product351	37
1353	/Семена/Томаты/Красные/product352	product352	599
1354	/Семена/Огурца/product353	product353	652
1355	/Семена/product354	product354	76
1356	/Канцелярия/Точилки/Без контейнера/product355	product355	652
1357	/Канцелярия/Ручки/Капиллярные/product356	product356	834
1358	/Канцелярия/Ножницы/Детские/product357	product357	171
1359	/Канцелярия/Клей/Клеящая лента/product358	product358	282
1360	/Канцелярия/Ножницы/Канцелярские/product359	product359	30
1361	/Канцелярия/Точилки/Без контейнера/product360	product360	853
1362	/Канцелярия/Маркеры/Для выделения текста/product361	product361	613
1363	/Канцелярия/Клей/Клеящая лента/product362	product362	625
1364	/Канцелярия/Закладки/product363	product363	281
1365	/Канцелярия/Ручки/Капиллярные/product364	product364	844
1366	/Канцелярия/Калькуляторы/product365	product365	182
1367	/Канцелярия/Маркеры/product366	product366	408
1368	/Канцелярия/Клей/product367	product367	726
1369	/Канцелярия/Калькуляторы/product368	product368	919
1370	/Канцелярия/Ручки/Капиллярные/product369	product369	737
1371	/Канцелярия/Стержни/Шариковые/product370	product370	250
1372	/Канцелярия/Клей/Пва/product371	product371	846
1373	/Канцелярия/Стержни/Шариковые/product372	product372	949
1374	/Семена/Огурца/product373	product373	341
1375	/Канцелярия/Клей/Пва/product374	product374	93
1376	/Канцелярия/Ручки/Ручки гелевые/product375	product375	519
1377	/Канцелярия/Маркеры/Для досок/product376	product376	299
1378	/Канцелярия/Маркеры/Для досок/product377	product377	922
1379	/Канцелярия/Ручки/Ручки гелевые/product378	product378	973
1380	/Семена/test/product379	product379	558
1381	/Канцелярия/Ручки/Ручки шариковые/product380	product380	780
1382	/Канцелярия/Точилки/Без контейнера/product381	product381	333
1383	/Канцелярия/Ручки/Ручки на подставке/product382	product382	772
1384	/Канцелярия/Ножницы/product383	product383	831
1385	/Канцелярия/Ручки/Ручки на подставке/product384	product384	505
1386	/Канцелярия/Стержни/product385	product385	379
1387	/Семена/Томаты/product386	product386	25
1388	/Канцелярия/Калькуляторы/Научные/product387	product387	427
1389	/Канцелярия/Ручки/Ручки шариковые/product388	product388	70
1390	/Семена/test/product389	product389	716
1391	/Канцелярия/Маркеры/Перманентные/product390	product390	986
1392	/Канцелярия/Маркеры/Для досок/product391	product391	571
1393	/Канцелярия/Клей/Канцелярский/product392	product392	735
1394	/Семена/Томаты/Красные/product393	product393	618
1395	/Канцелярия/Калькуляторы/Настольные/product394	product394	918
1396	/Канцелярия/Ручки/Ручки гелевые/product395	product395	306
1397	/Канцелярия/Закладки/product396	product396	869
1398	/Канцелярия/Точилки/product397	product397	245
1399	/Семена/test/product398	product398	19
1400	/Канцелярия/Калькуляторы/Научные/product399	product399	579
1401	/Канцелярия/Калькуляторы/Настольные/product400	product400	817
1402	/Канцелярия/Закладки/product401	product401	325
1403	/Канцелярия/Ручки/Ручки шариковые/product402	product402	279
1404	/Канцелярия/Стержни/Шариковые/product403	product403	37
1405	/Канцелярия/Точилки/С контейнером/product404	product404	910
1406	/Канцелярия/Ручки/Ручки на подставке/product405	product405	263
1407	/Канцелярия/Клей/Пва/product406	product406	611
1408	/Канцелярия/Ручки/Ручки гелевые/product407	product407	472
1409	/Канцелярия/Клей/Карандаш/product408	product408	651
1410	/Канцелярия/Калькуляторы/Карманные/product409	product409	728
1411	/Канцелярия/Ножницы/Детские/product410	product410	524
1412	/Канцелярия/Закладки/product411	product411	977
1413	/Канцелярия/Ножницы/Детские/product412	product412	807
1414	/Канцелярия/Калькуляторы/product413	product413	919
1415	/Канцелярия/Клей/Пва/product414	product414	349
1416	/Канцелярия/Калькуляторы/Научные/product415	product415	678
1417	/Канцелярия/Точилки/С контейнером/product416	product416	570
1418	/Канцелярия/Ручки/Роллеры/product417	product417	849
1419	/Канцелярия/Стержни/product418	product418	289
1420	/Канцелярия/Стержни/Гелевые/product419	product419	172
1421	/Канцелярия/Ножницы/Канцелярские/product420	product420	517
1422	/Канцелярия/Стержни/Гелевые/product421	product421	584
1423	/Канцелярия/Клей/Карандаш/product422	product422	568
1424	/Канцелярия/Ручки/Ручки на подставке/product423	product423	718
1425	/Канцелярия/Ручки/Ручки гелевые/product424	product424	608
1426	/Семена/test/product425	product425	905
1427	/Канцелярия/Клей/Клеящая лента/product426	product426	549
1428	/Канцелярия/Ручки/Роллеры/product427	product427	808
1500	/Канцелярия/product499	product499	267
1429	/Канцелярия/Маркеры/Для выделения текста/product428	product428	839
1430	/Канцелярия/Точилки/Без контейнера/product429	product429	174
1431	/Канцелярия/Ручки/Ручки шариковые/product430	product430	750
1432	/Семена/Огурца/product431	product431	361
1433	/Семена/Огурца/product432	product432	426
1434	/Семена/Томаты/product433	product433	243
1435	/Семена/product434	product434	651
1436	/Канцелярия/Точилки/С контейнером/product435	product435	187
1437	/Канцелярия/Ручки/Роллеры/product436	product436	749
1438	/Семена/test/product437	product437	418
1439	/Канцелярия/Точилки/Без контейнера/product438	product438	993
1440	/Канцелярия/Клей/Пва/product439	product439	206
1441	/Семена/test/product440	product440	691
1442	/Семена/Огурца/product441	product441	482
1443	/Семена/test/product442	product442	468
1444	/Канцелярия/Маркеры/Для досок/product443	product443	405
1445	/Канцелярия/Точилки/Без контейнера/product444	product444	475
1446	/Канцелярия/Точилки/Без контейнера/product445	product445	898
1447	/Канцелярия/Калькуляторы/Настольные/product446	product446	949
1448	/Канцелярия/Стержни/product447	product447	581
1449	/Канцелярия/Калькуляторы/Научные/product448	product448	86
1450	/Канцелярия/Дыроколы/product449	product449	459
1451	/Канцелярия/Стержни/Шариковые/product450	product450	128
1452	/Канцелярия/Ручки/Капиллярные/product451	product451	647
1453	/Канцелярия/Ножницы/product452	product452	471
1454	/Канцелярия/Стержни/product453	product453	519
1455	/Канцелярия/Калькуляторы/Научные/product454	product454	114
1456	/Канцелярия/Ручки/Ручки шариковые/product455	product455	529
1457	/Семена/Томаты/Красные/product456	product456	692
1458	/Канцелярия/Ручки/Ручки шариковые/product457	product457	668
1459	/Канцелярия/Стержни/product458	product458	88
1460	/Канцелярия/Ручки/product459	product459	690
1461	/Канцелярия/Маркеры/Перманентные/product460	product460	530
1462	/Канцелярия/Клей/Клеящая лента/product461	product461	829
1463	/Канцелярия/Калькуляторы/Научные/product462	product462	745
1464	/Канцелярия/Калькуляторы/product463	product463	722
1465	/Канцелярия/Стержни/Шариковые/product464	product464	754
1466	/Канцелярия/Клей/Клеящая лента/product465	product465	504
1467	/Канцелярия/Точилки/С контейнером/product466	product466	821
1468	/Канцелярия/Стержни/Гелевые/product467	product467	726
1469	/Канцелярия/Ручки/Ручки на подставке/product468	product468	660
1470	/Канцелярия/Ножницы/Детские/product469	product469	641
1471	/Канцелярия/Ручки/Роллеры/product470	product470	685
1472	/Канцелярия/Маркеры/Для досок/product471	product471	258
1473	/Канцелярия/Клей/product472	product472	25
1474	/Канцелярия/Клей/Пва/product473	product473	756
1475	/Канцелярия/Точилки/product474	product474	454
1476	/Канцелярия/Клей/Канцелярский/product475	product475	405
1477	/Канцелярия/Маркеры/product476	product476	252
1478	/Канцелярия/Маркеры/Перманентные/product477	product477	740
1479	/Канцелярия/Дыроколы/product478	product478	195
1480	/Канцелярия/Маркеры/Перманентные/product479	product479	621
1481	/Канцелярия/Точилки/Без контейнера/product480	product480	977
1482	/Канцелярия/Ножницы/Детские/product481	product481	144
1483	/Канцелярия/Калькуляторы/Научные/product482	product482	566
1484	/Канцелярия/Клей/Клеящая лента/product483	product483	361
1485	/Канцелярия/Клей/Канцелярский/product484	product484	980
1486	/Канцелярия/Ножницы/product485	product485	353
1487	/Канцелярия/Точилки/Без контейнера/product486	product486	329
1488	/Канцелярия/Калькуляторы/Карманные/product487	product487	966
1489	/Канцелярия/Калькуляторы/Научные/product488	product488	989
1490	/Канцелярия/Стержни/product489	product489	819
1491	/Канцелярия/Закладки/product490	product490	864
1492	/Канцелярия/Калькуляторы/Карманные/product491	product491	187
1493	/Канцелярия/Стержни/Шариковые/product492	product492	263
1494	/Канцелярия/Клей/Пва/product493	product493	661
1495	/Канцелярия/Ручки/Капиллярные/product494	product494	783
1496	/Канцелярия/Закладки/product495	product495	445
1497	/Канцелярия/Маркеры/product496	product496	827
1498	/Канцелярия/Калькуляторы/Настольные/product497	product497	934
1499	/Канцелярия/Маркеры/product498	product498	394
1501	/Канцелярия/Маркеры/Для выделения текста/product500	product500	908
1502	/Канцелярия/Стержни/Гелевые/product501	product501	547
1503	/Канцелярия/Клей/product502	product502	13
1504	/Канцелярия/Клей/Пва/product503	product503	994
1505	/Канцелярия/Точилки/С контейнером/product504	product504	739
1506	/Канцелярия/Клей/Канцелярский/product505	product505	954
1507	/Канцелярия/Точилки/С контейнером/product506	product506	561
1508	/Канцелярия/Ножницы/product507	product507	78
1509	/Канцелярия/Точилки/С контейнером/product508	product508	423
1510	/Канцелярия/Маркеры/Для досок/product509	product509	919
1511	/Канцелярия/Калькуляторы/product510	product510	156
1512	/Канцелярия/Маркеры/Для выделения текста/product511	product511	924
1513	/Канцелярия/Калькуляторы/Карманные/product512	product512	542
1514	/Канцелярия/Калькуляторы/Карманные/product513	product513	10
1515	/Канцелярия/Калькуляторы/Научные/product514	product514	953
1516	/Канцелярия/Калькуляторы/Научные/product515	product515	720
1517	/Канцелярия/Ножницы/Канцелярские/product516	product516	667
1518	/Канцелярия/Клей/Клеящая лента/product517	product517	297
1519	/Канцелярия/Стержни/Шариковые/product518	product518	283
1520	/Канцелярия/Клей/Канцелярский/product519	product519	907
1521	/Канцелярия/Ножницы/product520	product520	213
1522	/Канцелярия/Точилки/product521	product521	627
1523	/Канцелярия/Клей/Канцелярский/product522	product522	977
1524	/Семена/Томаты/Красные/product523	product523	381
1525	/Канцелярия/Стержни/Шариковые/product524	product524	892
1526	/Канцелярия/Маркеры/product525	product525	254
1527	/Канцелярия/Ручки/product526	product526	1000
1528	/Канцелярия/Клей/Пва/product527	product527	549
1529	/Канцелярия/Маркеры/Перманентные/product528	product528	140
1530	/Канцелярия/Точилки/product529	product529	17
1531	/Канцелярия/Ножницы/Канцелярские/product530	product530	342
1532	/Канцелярия/Калькуляторы/Настольные/product531	product531	548
1533	/Семена/test/product532	product532	16
1534	/Канцелярия/Точилки/product533	product533	603
1535	/Канцелярия/Клей/Клеящая лента/product534	product534	636
1536	/Канцелярия/Маркеры/Для выделения текста/product535	product535	830
1537	/Канцелярия/Маркеры/Для выделения текста/product536	product536	874
1538	/Канцелярия/Маркеры/Для выделения текста/product537	product537	801
1539	/Канцелярия/Клей/Клеящая лента/product538	product538	424
1540	/Канцелярия/product539	product539	297
1541	/Семена/Томаты/product540	product540	81
1542	/Канцелярия/Точилки/product541	product541	209
1543	/Канцелярия/Клей/Карандаш/product542	product542	521
1544	/Канцелярия/Маркеры/Для досок/product543	product543	23
1545	/Канцелярия/Маркеры/Для досок/product544	product544	272
1546	/Канцелярия/Клей/Пва/product545	product545	349
1547	/Канцелярия/Клей/Карандаш/product546	product546	77
1548	/Канцелярия/Калькуляторы/product547	product547	637
1549	/Канцелярия/Ручки/Роллеры/product548	product548	968
1550	/Канцелярия/Клей/Канцелярский/product549	product549	536
1551	/Канцелярия/Стержни/product550	product550	77
1552	/Канцелярия/Закладки/product551	product551	336
1553	/Канцелярия/Маркеры/Для досок/product552	product552	919
1554	/Канцелярия/Ножницы/product553	product553	512
1555	/Канцелярия/Ручки/Роллеры/product554	product554	350
1556	/Канцелярия/Маркеры/Для выделения текста/product555	product555	992
1557	/Семена/test/product556	product556	491
1558	/Канцелярия/Стержни/product557	product557	411
1559	/Канцелярия/product558	product558	66
1560	/Семена/Огурца/product559	product559	79
1561	/Семена/Огурца/product560	product560	643
1562	/Семена/test/product561	product561	533
1563	/Канцелярия/Стержни/Шариковые/product562	product562	319
1564	/Канцелярия/Калькуляторы/Научные/product563	product563	803
1565	/Канцелярия/Ножницы/Детские/product564	product564	216
1566	/Канцелярия/Маркеры/Для выделения текста/product565	product565	979
1567	/Канцелярия/Стержни/product566	product566	351
1568	/Канцелярия/Маркеры/Для выделения текста/product567	product567	77
1569	/Канцелярия/Ножницы/Детские/product568	product568	424
1570	/Канцелярия/Ручки/Роллеры/product569	product569	844
1645	/Семена/product644	product644	569
1571	/Канцелярия/Дыроколы/product570	product570	358
1572	/Канцелярия/Закладки/product571	product571	31
1573	/Семена/test/product572	product572	423
1574	/Семена/Томаты/product573	product573	883
1575	/Канцелярия/Дыроколы/product574	product574	694
1576	/Канцелярия/Ручки/Ручки шариковые/product575	product575	814
1577	/Канцелярия/Дыроколы/product576	product576	77
1578	/Семена/Томаты/product577	product577	775
1579	/Семена/Томаты/product578	product578	22
1580	/Канцелярия/Стержни/product579	product579	355
1581	/Канцелярия/Калькуляторы/product580	product580	287
1582	/Канцелярия/product581	product581	174
1583	/Канцелярия/Ручки/product582	product582	108
1584	/Канцелярия/Ручки/Ручки шариковые/product583	product583	191
1585	/Канцелярия/Ножницы/product584	product584	934
1586	/Канцелярия/Клей/Пва/product585	product585	566
1587	/Канцелярия/Калькуляторы/Настольные/product586	product586	222
1588	/Канцелярия/Точилки/product587	product587	538
1589	/Канцелярия/Стержни/Шариковые/product588	product588	663
1590	/Канцелярия/Калькуляторы/Научные/product589	product589	547
1591	/Канцелярия/Клей/Канцелярский/product590	product590	81
1592	/Канцелярия/Калькуляторы/Карманные/product591	product591	654
1593	/Канцелярия/Калькуляторы/Научные/product592	product592	505
1594	/Канцелярия/Маркеры/Перманентные/product593	product593	113
1595	/Семена/test/product594	product594	703
1596	/Канцелярия/Стержни/product595	product595	118
1597	/Канцелярия/Стержни/product596	product596	381
1598	/Канцелярия/Маркеры/Для досок/product597	product597	433
1599	/Канцелярия/Клей/Пва/product598	product598	727
1600	/Канцелярия/Ножницы/Канцелярские/product599	product599	963
1601	/Канцелярия/Точилки/product600	product600	677
1602	/Канцелярия/Ручки/Капиллярные/product601	product601	660
1603	/Канцелярия/Дыроколы/product602	product602	997
1604	/Канцелярия/Клей/product603	product603	601
1605	/Канцелярия/Ножницы/product604	product604	518
1606	/Семена/test/product605	product605	440
1607	/Канцелярия/Калькуляторы/Научные/product606	product606	464
1608	/Канцелярия/Ручки/Ручки шариковые/product607	product607	333
1609	/Канцелярия/Ручки/Ручки гелевые/product608	product608	75
1610	/Канцелярия/Стержни/Шариковые/product609	product609	677
1611	/Семена/Огурца/product610	product610	752
1612	/Канцелярия/Маркеры/Перманентные/product611	product611	783
1613	/Канцелярия/Точилки/С контейнером/product612	product612	659
1614	/Канцелярия/Дыроколы/product613	product613	903
1615	/Семена/Огурца/product614	product614	483
1616	/Канцелярия/Клей/Клеящая лента/product615	product615	273
1617	/Канцелярия/Точилки/product616	product616	128
1618	/Канцелярия/Ножницы/Детские/product617	product617	796
1619	/Семена/product618	product618	165
1620	/Канцелярия/Точилки/product619	product619	585
1621	/Канцелярия/Клей/Карандаш/product620	product620	947
1622	/Канцелярия/Ручки/Капиллярные/product621	product621	803
1623	/Канцелярия/Маркеры/product622	product622	631
1624	/Канцелярия/Маркеры/product623	product623	252
1625	/Канцелярия/Ножницы/Детские/product624	product624	703
1626	/Канцелярия/Ручки/Ручки шариковые/product625	product625	995
1627	/Канцелярия/product626	product626	267
1628	/Канцелярия/Стержни/Гелевые/product627	product627	333
1629	/Канцелярия/Стержни/product628	product628	89
1630	/Канцелярия/Маркеры/Для выделения текста/product629	product629	846
1631	/Канцелярия/Калькуляторы/Настольные/product630	product630	286
1632	/Канцелярия/Ручки/Ручки на подставке/product631	product631	343
1633	/Канцелярия/product632	product632	940
1634	/Семена/product633	product633	456
1635	/Канцелярия/Калькуляторы/Научные/product634	product634	914
1636	/Канцелярия/Калькуляторы/product635	product635	309
1637	/Канцелярия/Ручки/Капиллярные/product636	product636	469
1638	/Семена/Огурца/product637	product637	198
1639	/Канцелярия/Калькуляторы/Настольные/product638	product638	891
1640	/Канцелярия/Ручки/Роллеры/product639	product639	131
1641	/Канцелярия/Клей/Пва/product640	product640	621
1642	/Канцелярия/Ручки/Ручки гелевые/product641	product641	903
1643	/Канцелярия/Ручки/Ручки гелевые/product642	product642	510
1644	/Канцелярия/Ручки/product643	product643	618
1646	/Канцелярия/Ручки/Роллеры/product645	product645	784
1647	/Семена/Томаты/Красные/product646	product646	488
1648	/Канцелярия/Клей/product647	product647	213
1649	/Канцелярия/Дыроколы/product648	product648	197
1650	/Канцелярия/Калькуляторы/Научные/product649	product649	847
1651	/Канцелярия/Точилки/С контейнером/product650	product650	801
1652	/Канцелярия/Клей/product651	product651	243
1653	/Канцелярия/Калькуляторы/product652	product652	874
1654	/Семена/Огурца/product653	product653	169
1655	/Канцелярия/Ручки/Ручки гелевые/product654	product654	917
1656	/Канцелярия/Ножницы/Канцелярские/product655	product655	919
1657	/Канцелярия/Ручки/Роллеры/product656	product656	363
1658	/Канцелярия/Ручки/Ручки шариковые/product657	product657	13
1659	/Канцелярия/Стержни/Гелевые/product658	product658	921
1660	/Канцелярия/Дыроколы/product659	product659	919
1661	/Канцелярия/Маркеры/Для досок/product660	product660	912
1662	/Канцелярия/Ножницы/Канцелярские/product661	product661	425
1663	/Канцелярия/Точилки/С контейнером/product662	product662	725
1664	/Канцелярия/Ножницы/Канцелярские/product663	product663	861
1665	/Семена/Огурца/product664	product664	658
1666	/Канцелярия/Клей/Карандаш/product665	product665	377
1667	/Канцелярия/Закладки/product666	product666	630
1668	/Канцелярия/Клей/Клеящая лента/product667	product667	141
1669	/Канцелярия/Дыроколы/product668	product668	639
1670	/Канцелярия/Клей/Канцелярский/product669	product669	884
1671	/Канцелярия/Закладки/product670	product670	638
1672	/Канцелярия/Калькуляторы/Научные/product671	product671	924
1673	/Семена/Томаты/product672	product672	50
1674	/Канцелярия/Точилки/С контейнером/product673	product673	413
1675	/Канцелярия/Точилки/Без контейнера/product674	product674	100
1676	/Канцелярия/Маркеры/Для досок/product675	product675	456
1677	/Канцелярия/Ножницы/product676	product676	10
1678	/Канцелярия/Ручки/Роллеры/product677	product677	998
1679	/Канцелярия/Маркеры/Для досок/product678	product678	444
1680	/Семена/test/product679	product679	749
1681	/Канцелярия/Калькуляторы/Научные/product680	product680	662
1682	/Канцелярия/Маркеры/Для досок/product681	product681	88
1683	/Канцелярия/Стержни/Шариковые/product682	product682	231
1684	/Канцелярия/Точилки/С контейнером/product683	product683	341
1685	/Канцелярия/Клей/Пва/product684	product684	225
1686	/Семена/product685	product685	175
1687	/Семена/test/product686	product686	888
1688	/Канцелярия/Клей/Карандаш/product687	product687	340
1689	/Канцелярия/Маркеры/Для досок/product688	product688	192
1690	/Канцелярия/Ручки/Ручки гелевые/product689	product689	238
1691	/Канцелярия/Клей/Карандаш/product690	product690	788
1692	/Канцелярия/Калькуляторы/Научные/product691	product691	864
1693	/Канцелярия/Клей/Канцелярский/product692	product692	749
1694	/Семена/Томаты/Красные/product693	product693	72
1695	/Канцелярия/Стержни/Шариковые/product694	product694	863
1696	/Канцелярия/Ручки/product695	product695	201
1697	/Семена/product696	product696	492
1698	/Канцелярия/Клей/product697	product697	538
1699	/Семена/Огурца/product698	product698	176
1700	/Семена/Томаты/product699	product699	974
1701	/Канцелярия/Клей/Клеящая лента/product700	product700	79
1702	/Канцелярия/Клей/Канцелярский/product701	product701	172
1703	/Канцелярия/Стержни/Гелевые/product702	product702	31
1704	/Канцелярия/Ручки/Ручки на подставке/product703	product703	481
1705	/Канцелярия/Ручки/Ручки шариковые/product704	product704	667
1706	/Канцелярия/Точилки/Без контейнера/product705	product705	321
1707	/Канцелярия/Калькуляторы/Настольные/product706	product706	668
1708	/Канцелярия/Маркеры/Для досок/product707	product707	570
1709	/Канцелярия/Клей/Пва/product708	product708	205
1710	/Семена/product709	product709	728
1711	/Канцелярия/Точилки/Без контейнера/product710	product710	848
1712	/Семена/product711	product711	708
1713	/Канцелярия/Калькуляторы/product712	product712	125
1714	/Канцелярия/Точилки/С контейнером/product713	product713	213
1715	/Канцелярия/Ручки/Роллеры/product714	product714	130
1716	/Семена/Огурца/product715	product715	196
1717	/Канцелярия/Клей/Клеящая лента/product716	product716	324
1718	/Канцелярия/Калькуляторы/Карманные/product717	product717	617
1719	/Канцелярия/Клей/Клеящая лента/product718	product718	386
1720	/Канцелярия/Ручки/Ручки на подставке/product719	product719	670
1721	/Семена/product720	product720	281
1722	/Семена/Томаты/Красные/product721	product721	546
1723	/Канцелярия/Ножницы/Канцелярские/product722	product722	809
1724	/Канцелярия/Калькуляторы/Настольные/product723	product723	930
1725	/Канцелярия/Стержни/product724	product724	654
1726	/Семена/Огурца/product725	product725	710
1727	/Канцелярия/Стержни/Гелевые/product726	product726	713
1728	/Канцелярия/Ручки/Роллеры/product727	product727	339
1729	/Семена/Томаты/product728	product728	694
1730	/Семена/test/product729	product729	551
1731	/Канцелярия/Дыроколы/product730	product730	583
1732	/Канцелярия/Калькуляторы/Карманные/product731	product731	651
1733	/Семена/Томаты/product732	product732	624
1734	/Канцелярия/Ручки/Ручки шариковые/product733	product733	11
1735	/Канцелярия/Калькуляторы/product734	product734	509
1736	/Канцелярия/Закладки/product735	product735	673
1737	/Канцелярия/Ножницы/Канцелярские/product736	product736	241
1738	/Канцелярия/Закладки/product737	product737	123
1739	/Канцелярия/Маркеры/Для досок/product738	product738	668
1740	/Канцелярия/Ручки/product739	product739	201
1741	/Канцелярия/Стержни/product740	product740	703
1742	/Канцелярия/Ручки/Роллеры/product741	product741	414
1743	/Канцелярия/Клей/product742	product742	991
1744	/Канцелярия/Калькуляторы/product743	product743	136
1745	/Канцелярия/Ручки/product744	product744	730
1746	/Канцелярия/Ручки/Ручки на подставке/product745	product745	582
1747	/Семена/Огурца/product746	product746	923
1748	/Канцелярия/Клей/Пва/product747	product747	725
1749	/Канцелярия/Ручки/Роллеры/product748	product748	923
1750	/Семена/Огурца/product749	product749	532
1751	/Канцелярия/Стержни/Шариковые/product750	product750	848
1752	/Семена/Огурца/product751	product751	188
1753	/Семена/Томаты/Красные/product752	product752	788
1754	/Канцелярия/Ручки/Ручки шариковые/product753	product753	588
1755	/Канцелярия/Калькуляторы/product754	product754	577
1756	/Канцелярия/Маркеры/Для досок/product755	product755	621
1757	/Канцелярия/Ручки/Ручки на подставке/product756	product756	439
1758	/Канцелярия/Закладки/product757	product757	625
1759	/Канцелярия/Стержни/product758	product758	279
1760	/Канцелярия/Точилки/product759	product759	113
1761	/Семена/product760	product760	898
1762	/Канцелярия/Маркеры/Для досок/product761	product761	134
1763	/Канцелярия/Ручки/Ручки на подставке/product762	product762	810
1764	/Канцелярия/Клей/Канцелярский/product763	product763	36
1765	/Семена/product764	product764	121
1766	/Канцелярия/Ножницы/product765	product765	780
1767	/Канцелярия/Калькуляторы/Настольные/product766	product766	430
1768	/Канцелярия/Клей/Пва/product767	product767	214
1769	/Канцелярия/Дыроколы/product768	product768	629
1770	/Канцелярия/Маркеры/Для выделения текста/product769	product769	965
1771	/Канцелярия/Точилки/product770	product770	674
1772	/Канцелярия/Калькуляторы/Настольные/product771	product771	734
1773	/Семена/Огурца/product772	product772	522
1774	/Канцелярия/Стержни/product773	product773	554
1775	/Канцелярия/Дыроколы/product774	product774	643
1776	/Канцелярия/Стержни/Гелевые/product775	product775	77
1777	/Семена/Томаты/Красные/product776	product776	996
1778	/Канцелярия/Клей/Пва/product777	product777	771
1779	/Канцелярия/Стержни/Гелевые/product778	product778	460
1780	/Канцелярия/Клей/product779	product779	42
1781	/Канцелярия/Ножницы/Канцелярские/product780	product780	985
1782	/Канцелярия/Ножницы/Детские/product781	product781	978
1783	/Семена/product782	product782	737
1784	/Канцелярия/Закладки/product783	product783	489
1785	/Канцелярия/Маркеры/Перманентные/product784	product784	21
1786	/Канцелярия/Ножницы/Детские/product785	product785	900
1787	/Канцелярия/Клей/Пва/product786	product786	705
1788	/Канцелярия/Калькуляторы/Карманные/product787	product787	932
1789	/Канцелярия/Стержни/product788	product788	879
1790	/Канцелярия/Ручки/Капиллярные/product789	product789	313
1791	/Канцелярия/Точилки/product790	product790	115
1792	/Канцелярия/Ручки/Ручки гелевые/product791	product791	24
1793	/Канцелярия/Закладки/product792	product792	910
1794	/Канцелярия/Калькуляторы/product793	product793	565
1795	/Семена/Огурца/product794	product794	847
1796	/Канцелярия/Ручки/Ручки шариковые/product795	product795	216
1797	/Канцелярия/Ножницы/Канцелярские/product796	product796	926
1798	/Канцелярия/Калькуляторы/Настольные/product797	product797	946
1799	/Канцелярия/Ручки/Капиллярные/product798	product798	151
1800	/Канцелярия/Ручки/Ручки гелевые/product799	product799	700
1801	/Канцелярия/Стержни/product800	product800	11
1802	/Канцелярия/Маркеры/Для выделения текста/product801	product801	100
1803	/Семена/Томаты/product802	product802	450
1804	/Канцелярия/Ручки/product803	product803	696
1805	/Канцелярия/Клей/Карандаш/product804	product804	324
1806	/Канцелярия/product805	product805	113
1807	/Канцелярия/Калькуляторы/Карманные/product806	product806	694
1808	/Канцелярия/Калькуляторы/product807	product807	668
1809	/Канцелярия/Точилки/С контейнером/product808	product808	909
1810	/Канцелярия/Маркеры/Для досок/product809	product809	246
1811	/Канцелярия/Клей/Канцелярский/product810	product810	862
1812	/Канцелярия/Маркеры/Перманентные/product811	product811	922
1813	/Семена/test/product812	product812	753
1814	/Канцелярия/Клей/Карандаш/product813	product813	687
1815	/Канцелярия/Маркеры/product814	product814	569
1816	/Канцелярия/Ручки/Ручки на подставке/product815	product815	203
1817	/Канцелярия/Точилки/Без контейнера/product816	product816	459
1818	/Канцелярия/Маркеры/product817	product817	829
1819	/Семена/product818	product818	581
1820	/Канцелярия/Клей/Пва/product819	product819	775
1821	/Канцелярия/Точилки/Без контейнера/product820	product820	890
1822	/Канцелярия/Калькуляторы/Настольные/product821	product821	762
1823	/Канцелярия/Стержни/product822	product822	950
1824	/Канцелярия/Маркеры/Перманентные/product823	product823	775
1825	/Семена/product824	product824	202
1826	/Семена/product825	product825	187
1827	/Семена/test/product826	product826	868
1828	/Канцелярия/Точилки/С контейнером/product827	product827	349
1829	/Семена/Томаты/Красные/product828	product828	949
1830	/Канцелярия/Стержни/product829	product829	980
1831	/Канцелярия/Закладки/product830	product830	1000
1832	/Канцелярия/Точилки/С контейнером/product831	product831	848
1833	/Канцелярия/product832	product832	901
1834	/Канцелярия/Точилки/С контейнером/product833	product833	368
1835	/Семена/test/product834	product834	299
1836	/Канцелярия/Клей/Клеящая лента/product835	product835	517
1837	/Канцелярия/Точилки/Без контейнера/product836	product836	913
1838	/Канцелярия/Маркеры/product837	product837	694
1839	/Канцелярия/Маркеры/product838	product838	190
1840	/Канцелярия/Калькуляторы/Настольные/product839	product839	325
1841	/Канцелярия/Калькуляторы/Настольные/product840	product840	670
1842	/Канцелярия/product841	product841	83
1843	/Канцелярия/Ручки/Ручки гелевые/product842	product842	462
1844	/Канцелярия/Калькуляторы/product843	product843	806
1845	/Канцелярия/Стержни/Гелевые/product844	product844	99
1846	/Канцелярия/Ножницы/product845	product845	829
1847	/Канцелярия/Клей/Карандаш/product846	product846	580
1848	/Канцелярия/Ножницы/product847	product847	805
1849	/Канцелярия/Ручки/Ручки на подставке/product848	product848	328
1850	/Семена/Томаты/Красные/product849	product849	533
1851	/Канцелярия/Калькуляторы/Настольные/product850	product850	937
1852	/Семена/Томаты/Красные/product851	product851	283
1853	/Канцелярия/product852	product852	957
1854	/Канцелярия/Ножницы/Детские/product853	product853	114
1855	/Семена/product854	product854	66
1856	/Канцелярия/Маркеры/product855	product855	16
1857	/Семена/product856	product856	445
1858	/Канцелярия/Клей/product857	product857	142
1859	/Канцелярия/Ножницы/Детские/product858	product858	882
1860	/Канцелярия/Точилки/product859	product859	842
1861	/Семена/Томаты/Красные/product860	product860	556
1862	/Канцелярия/Калькуляторы/product861	product861	100
1863	/Канцелярия/Ножницы/Детские/product862	product862	595
1864	/Канцелярия/Ручки/Ручки гелевые/product863	product863	835
1865	/Канцелярия/Клей/Карандаш/product864	product864	530
1866	/Семена/Томаты/product865	product865	322
1867	/Канцелярия/Точилки/product866	product866	630
1868	/Канцелярия/Точилки/С контейнером/product867	product867	432
1869	/Канцелярия/Клей/Пва/product868	product868	937
1870	/Канцелярия/product869	product869	570
1871	/Канцелярия/Калькуляторы/Настольные/product870	product870	403
1872	/Канцелярия/Маркеры/Для выделения текста/product871	product871	595
1873	/Канцелярия/Ножницы/Канцелярские/product872	product872	279
1874	/Семена/Томаты/product873	product873	561
1875	/Канцелярия/Стержни/Шариковые/product874	product874	848
1876	/Канцелярия/Ручки/Ручки гелевые/product875	product875	591
1877	/Канцелярия/product876	product876	136
1878	/Канцелярия/Маркеры/Для выделения текста/product877	product877	99
1879	/Канцелярия/Стержни/Шариковые/product878	product878	946
1880	/Канцелярия/Клей/product879	product879	677
1881	/Канцелярия/Клей/product880	product880	159
1882	/Семена/Огурца/product881	product881	884
1883	/Канцелярия/Ножницы/Детские/product882	product882	78
1884	/Канцелярия/Ручки/Роллеры/product883	product883	73
1885	/Канцелярия/Стержни/Шариковые/product884	product884	688
1886	/Канцелярия/Клей/Клеящая лента/product885	product885	971
1887	/Канцелярия/Клей/Канцелярский/product886	product886	925
1888	/Канцелярия/Ручки/Роллеры/product887	product887	253
1889	/Канцелярия/Клей/Карандаш/product888	product888	893
1890	/Канцелярия/Клей/Клеящая лента/product889	product889	976
1891	/Канцелярия/Калькуляторы/Карманные/product890	product890	877
1892	/Канцелярия/Клей/Канцелярский/product891	product891	393
1893	/Канцелярия/Ручки/Ручки на подставке/product892	product892	416
1894	/Канцелярия/Точилки/Без контейнера/product893	product893	392
1895	/Канцелярия/Дыроколы/product894	product894	724
1896	/Канцелярия/Маркеры/product895	product895	477
1897	/Канцелярия/Ручки/Роллеры/product896	product896	535
1898	/Канцелярия/Клей/product897	product897	483
1899	/Канцелярия/Ножницы/Детские/product898	product898	17
1900	/Канцелярия/Ручки/Ручки на подставке/product899	product899	943
1901	/Канцелярия/Маркеры/Для досок/product900	product900	418
1902	/Канцелярия/Ножницы/Детские/product901	product901	897
1903	/Канцелярия/Маркеры/Для выделения текста/product902	product902	611
1904	/Канцелярия/Ручки/Ручки на подставке/product903	product903	414
1905	/Канцелярия/Маркеры/Для выделения текста/product904	product904	533
1906	/Канцелярия/Калькуляторы/Настольные/product905	product905	269
1907	/Канцелярия/Клей/Пва/product906	product906	989
1908	/Канцелярия/Калькуляторы/Настольные/product907	product907	505
1909	/Канцелярия/Маркеры/product908	product908	751
1910	/Канцелярия/Маркеры/Перманентные/product909	product909	473
1911	/Канцелярия/Клей/Пва/product910	product910	218
1912	/Канцелярия/Ручки/Роллеры/product911	product911	947
1913	/Канцелярия/Ручки/product912	product912	489
1914	/Семена/Томаты/product913	product913	49
1915	/Канцелярия/Стержни/product914	product914	147
1916	/Канцелярия/Стержни/Гелевые/product915	product915	155
1917	/Семена/Огурца/product916	product916	696
1918	/Канцелярия/Закладки/product917	product917	74
1919	/Канцелярия/Клей/Карандаш/product918	product918	359
1920	/Канцелярия/product919	product919	250
1921	/Канцелярия/Клей/Пва/product920	product920	668
1922	/Канцелярия/Дыроколы/product921	product921	703
1923	/Канцелярия/Ручки/Роллеры/product922	product922	293
1924	/Семена/Огурца/product923	product923	708
1925	/Канцелярия/Маркеры/Перманентные/product924	product924	637
1926	/Канцелярия/Калькуляторы/product925	product925	63
1927	/Семена/Томаты/product926	product926	260
1928	/Канцелярия/Ручки/Ручки на подставке/product927	product927	579
1929	/Канцелярия/Маркеры/Перманентные/product928	product928	228
1930	/Канцелярия/Ножницы/Детские/product929	product929	146
1931	/Канцелярия/Ручки/Ручки шариковые/product930	product930	274
1932	/Канцелярия/Стержни/Шариковые/product931	product931	851
1933	/Канцелярия/Точилки/product932	product932	755
1934	/Канцелярия/Точилки/Без контейнера/product933	product933	165
1935	/Канцелярия/Ручки/Ручки гелевые/product934	product934	221
1936	/Семена/Огурца/product935	product935	734
1937	/Канцелярия/Ручки/Ручки гелевые/product936	product936	443
1938	/Канцелярия/Калькуляторы/Карманные/product937	product937	546
1939	/Семена/Огурца/product938	product938	870
1940	/Канцелярия/Ручки/Ручки на подставке/product939	product939	221
1941	/Канцелярия/Калькуляторы/Настольные/product940	product940	304
1942	/Канцелярия/Ручки/Роллеры/product941	product941	314
1943	/Канцелярия/Ручки/Ручки гелевые/product942	product942	800
1944	/Канцелярия/Стержни/Гелевые/product943	product943	783
1945	/Канцелярия/Калькуляторы/Научные/product944	product944	81
1946	/Канцелярия/Ручки/Капиллярные/product945	product945	649
1947	/Канцелярия/product946	product946	108
1948	/Канцелярия/Ножницы/Канцелярские/product947	product947	209
1949	/Канцелярия/Клей/product948	product948	587
1950	/Канцелярия/Клей/Пва/product949	product949	882
1951	/Семена/test/product950	product950	480
1952	/Канцелярия/Клей/Карандаш/product951	product951	407
1953	/Семена/Томаты/product952	product952	899
1954	/Канцелярия/Ножницы/product953	product953	810
1955	/Канцелярия/Стержни/Гелевые/product954	product954	249
1956	/Канцелярия/Клей/Карандаш/product955	product955	132
1957	/Канцелярия/Клей/product956	product956	253
1958	/Канцелярия/Маркеры/product957	product957	23
1959	/Канцелярия/Клей/Канцелярский/product958	product958	990
1960	/Канцелярия/Дыроколы/product959	product959	984
1961	/Канцелярия/Клей/Пва/product960	product960	411
1962	/Канцелярия/Точилки/product961	product961	295
1963	/Канцелярия/Точилки/Без контейнера/product962	product962	969
1964	/Канцелярия/Точилки/product963	product963	148
1965	/Семена/product964	product964	350
1966	/Канцелярия/Ручки/Ручки гелевые/product965	product965	516
1967	/Канцелярия/Ручки/Ручки гелевые/product966	product966	282
1968	/Канцелярия/Ножницы/Детские/product967	product967	994
1969	/Канцелярия/Клей/Пва/product968	product968	332
1970	/Канцелярия/product969	product969	776
1971	/Семена/test/product970	product970	882
1972	/Канцелярия/Калькуляторы/Карманные/product971	product971	234
1973	/Канцелярия/Маркеры/Для выделения текста/product972	product972	738
1974	/Канцелярия/Закладки/product973	product973	500
1975	/Канцелярия/product974	product974	184
1976	/Канцелярия/Ножницы/Детские/product975	product975	912
1977	/Семена/test/product976	product976	795
1978	/Канцелярия/Ручки/Роллеры/product977	product977	394
1979	/Канцелярия/Точилки/С контейнером/product978	product978	21
1980	/Канцелярия/Клей/Пва/product979	product979	925
1981	/Канцелярия/Клей/Карандаш/product980	product980	73
1982	/Канцелярия/Стержни/product981	product981	272
1983	/Канцелярия/Калькуляторы/Карманные/product982	product982	923
1984	/Канцелярия/Маркеры/Перманентные/product983	product983	300
1985	/Канцелярия/Маркеры/product984	product984	760
1986	/Канцелярия/Маркеры/Для выделения текста/product985	product985	823
1987	/Семена/product986	product986	764
1988	/Канцелярия/Маркеры/product987	product987	64
1989	/Семена/product988	product988	442
1990	/Канцелярия/Калькуляторы/Карманные/product989	product989	369
1991	/Семена/test/product990	product990	471
1992	/Канцелярия/Ручки/Ручки шариковые/product991	product991	797
1993	/Канцелярия/Клей/Клеящая лента/product992	product992	934
1994	/Семена/product993	product993	621
1995	/Канцелярия/Ручки/Ручки гелевые/product994	product994	725
1996	/Канцелярия/Ручки/Ручки шариковые/product995	product995	634
1997	/Канцелярия/Клей/Пва/product996	product996	624
1998	/Семена/test/product997	product997	685
1999	/Канцелярия/Точилки/product998	product998	123
2000	/Канцелярия/Маркеры/product999	product999	544
\.


--
-- TOC entry 3515 (class 0 OID 17372)
-- Dependencies: 271
-- Data for Name: purchases; Type: TABLE DATA; Schema: public; Owner: postgres
--

COPY public.purchases (id, amount, order_id, product_id) FROM stdin;
1	95	1	1561
2	76	1	1021
3	84	1	1550
4	39	1	1864
5	33	1	1322
6	44	1	1683
7	72	2	1354
8	66	2	1017
9	55	3	1641
10	14	3	1684
11	79	3	1262
12	42	3	1939
13	55	3	1288
14	91	3	1787
15	23	4	1106
16	14	4	1587
17	41	4	1910
18	39	4	1007
19	72	5	1225
20	52	5	1593
21	97	5	1073
22	67	5	1983
23	54	5	1712
24	87	5	1574
25	26	5	1675
26	67	5	1553
27	97	6	1761
28	39	7	1743
29	29	8	1102
30	56	8	1330
31	50	8	1350
32	54	8	1967
33	74	8	1668
34	19	8	1829
35	19	8	1094
36	21	9	1220
37	25	9	1239
38	51	9	1763
39	6	9	1684
40	53	10	1934
41	21	10	1774
42	13	10	1096
43	40	10	1852
44	15	10	1824
45	55	10	1149
46	9	11	1626
47	48	11	1340
48	30	11	1216
49	93	12	1390
50	20	12	1214
51	8	13	1436
52	72	13	1524
53	95	13	1144
54	40	13	1899
55	23	13	1344
56	81	13	1099
57	95	13	1023
58	1	14	1432
59	19	15	1225
60	45	15	1706
61	27	15	1302
62	89	15	1777
63	22	15	1385
64	16	15	1206
65	100	15	1703
66	72	15	1287
67	72	15	1411
68	79	16	1516
69	54	16	1417
70	40	16	1979
71	43	16	1954
72	75	16	1207
73	1	16	1229
74	84	17	1086
75	84	17	1183
76	37	17	1855
77	17	17	1462
78	68	18	1881
79	51	19	1252
80	41	19	1079
81	47	19	1456
82	46	19	1561
83	62	19	1725
84	28	19	1403
85	3	19	1674
86	49	19	1977
87	95	20	1209
88	86	21	1523
89	79	21	1068
90	41	21	1198
91	7	21	1070
92	58	21	1225
93	15	21	1143
94	71	21	1795
95	31	21	1792
96	84	22	1936
97	86	22	1980
98	2	22	1801
99	33	22	1022
100	58	22	1893
101	63	23	1899
102	24	23	1673
103	35	23	1194
104	49	23	1870
105	2	23	1286
106	78	23	1815
107	56	23	1371
108	60	23	1848
109	36	24	1224
110	95	24	1418
111	45	24	1132
112	24	24	1305
113	73	24	1589
114	32	24	1418
115	73	24	1899
116	93	24	1940
117	48	25	1175
118	90	26	1757
119	90	26	1606
120	99	26	1412
121	51	27	1189
122	8	27	1010
123	75	27	1148
124	77	27	1521
125	86	27	1019
126	42	27	1456
127	48	27	1707
128	9	27	1020
129	12	28	1365
130	28	28	1506
131	22	28	1571
132	51	28	1047
133	79	29	1542
134	68	29	1725
135	61	29	1668
136	22	29	1310
137	100	29	1159
138	24	29	1825
139	13	29	1196
140	5	29	1296
141	90	30	1896
142	56	30	1977
143	3	30	1959
144	36	31	1271
145	66	32	1620
146	69	32	1020
147	74	32	1802
148	64	32	1051
149	58	32	1660
150	24	32	1250
151	46	33	1486
152	70	33	1357
153	50	33	1193
154	96	33	1994
155	68	34	1869
156	70	34	1275
157	93	34	1839
158	81	35	1411
159	66	35	1905
160	89	35	1007
161	64	35	1257
162	82	35	1219
163	91	35	1354
164	31	35	1743
165	31	35	1776
166	100	36	1798
167	28	36	1527
168	14	36	1266
169	60	36	1985
170	64	36	1177
171	13	36	1738
172	76	36	1569
173	87	36	1734
174	58	37	1220
175	79	37	1608
176	64	38	1956
177	31	38	1243
178	64	38	1618
179	91	38	1874
180	46	38	1765
181	77	39	1373
182	46	39	1238
183	21	39	1701
184	46	39	1623
185	7	39	1050
186	42	39	1224
187	77	39	1762
188	39	39	1091
189	93	39	1135
190	11	39	1446
191	32	40	1932
192	100	40	1003
193	76	40	1538
194	25	40	1187
195	52	40	1546
196	53	40	1085
197	99	40	1087
198	25	40	1312
199	82	41	1937
200	5	41	1344
201	33	41	1514
202	58	41	1406
203	6	41	1782
204	39	41	1840
205	27	41	1554
206	19	41	1127
207	70	41	1660
208	41	42	1232
209	57	43	1741
210	29	43	1170
211	67	43	1973
212	80	43	1107
213	95	43	1856
214	6	43	1058
215	32	43	1428
216	63	43	1773
217	100	43	1655
218	72	43	1829
219	4	44	1156
220	82	44	1702
221	99	44	1952
222	99	44	1339
223	56	44	1627
224	39	44	1964
225	13	44	1218
226	2	44	1708
227	51	44	1498
228	60	45	1119
229	34	45	1733
230	4	45	1722
231	60	46	1546
232	99	46	1831
233	51	46	1563
234	93	46	1773
235	66	46	1437
236	64	47	1864
237	38	47	1743
238	80	47	1479
239	92	47	1648
240	96	47	1760
241	13	48	1272
242	60	49	1728
243	85	49	1309
244	17	49	1692
245	68	49	1681
246	11	49	1446
247	37	49	1811
248	63	49	1400
249	47	49	1501
250	31	49	1757
251	77	49	1385
252	4	50	1030
253	21	50	1893
254	54	50	1398
255	12	50	1999
256	19	50	1501
257	36	50	1560
258	3	51	1366
259	61	52	1047
260	16	52	1633
261	92	52	1703
262	75	52	1434
263	74	52	1703
264	94	52	1591
265	46	53	1643
266	25	53	1865
267	69	54	1610
268	58	54	1143
269	87	54	1483
270	92	54	1972
271	80	54	1642
272	39	54	1514
273	4	54	1678
274	72	54	1445
275	24	54	1727
276	83	55	1698
277	53	56	1215
278	27	56	1347
279	25	56	1651
280	9	56	1227
281	52	56	1603
282	76	56	1164
283	15	56	1783
284	49	56	1595
285	65	56	1610
286	39	56	1926
287	42	57	1681
288	69	57	1282
289	18	57	1782
290	34	58	1771
291	30	58	1029
292	37	58	1839
293	99	58	1393
294	60	59	1674
295	48	59	1642
296	12	59	1540
297	5	59	1303
298	88	59	1040
299	26	59	1028
300	78	59	1235
301	57	59	1315
302	57	59	1586
303	42	59	1147
304	37	60	1239
305	70	61	1477
306	17	61	1054
307	19	61	1644
308	36	61	1172
309	96	61	1560
310	28	62	1292
311	73	62	1245
312	28	62	1060
313	85	62	1173
314	30	62	1651
315	44	62	1059
316	9	62	1058
317	86	62	1675
318	32	63	1873
319	62	63	1418
320	91	63	1719
321	3	64	1480
322	2	64	1053
323	75	64	1268
324	80	64	1614
325	75	64	1979
326	16	64	1180
327	54	64	1250
328	100	65	1681
329	95	65	1367
330	40	65	1924
331	58	65	1168
332	13	65	1267
333	22	65	1102
334	89	65	1825
335	68	65	1028
336	65	65	1334
337	51	66	1864
338	87	66	1261
339	96	66	1254
340	70	67	1429
341	23	67	1523
342	8	67	1252
343	28	67	1733
344	3	67	1084
345	49	68	1060
346	26	68	1942
347	69	69	1284
348	100	69	1217
349	34	70	1419
350	3	70	1563
351	85	70	1332
352	82	70	1822
353	77	70	1926
354	46	70	1114
355	15	70	1177
356	13	70	1347
357	13	70	1781
358	19	71	1481
359	65	71	1852
360	74	71	1429
361	87	71	1562
362	40	71	1319
363	86	71	1759
364	59	72	1149
365	81	72	1285
366	34	72	1285
367	95	72	1811
368	39	72	1961
369	37	73	1827
370	62	73	1274
371	48	74	1371
372	15	75	1205
373	9	75	1775
374	53	76	1593
375	86	76	1572
376	53	76	1462
377	75	77	1999
378	34	77	1856
379	52	77	1401
380	24	78	1930
381	15	78	1721
382	7	78	1845
383	48	78	1967
384	8	79	1843
385	63	79	1349
386	82	79	1166
387	62	79	1806
388	88	79	1584
389	54	80	1916
390	7	80	1839
391	35	80	1170
392	87	80	1267
393	38	80	1510
394	32	80	1025
395	57	80	1403
396	55	80	1853
397	21	81	1997
398	7	81	1003
399	88	81	1699
400	1	81	1502
401	64	81	1832
402	43	81	1359
403	27	81	1277
404	59	81	1628
405	92	81	1942
406	69	81	1208
407	56	82	1273
408	24	82	1157
409	42	83	1186
410	91	83	1979
411	74	83	1382
412	53	83	1082
413	37	83	1452
414	73	83	1303
415	96	83	1789
416	48	84	1926
417	50	84	1889
418	74	85	1897
419	46	85	1859
420	68	85	1951
421	68	85	1956
422	33	85	1546
423	19	85	1916
424	59	85	1141
425	11	85	1848
426	74	85	1271
427	92	85	1541
428	99	86	1264
429	53	86	1848
430	14	86	1255
431	81	86	1281
432	34	86	1994
433	93	86	1188
434	31	86	1094
435	34	86	1235
436	98	86	1441
437	92	86	1175
438	53	87	1058
439	31	87	1200
440	97	87	1362
441	40	87	1377
442	74	87	1379
443	57	88	1336
444	61	88	1547
445	79	88	1578
446	26	89	1731
447	82	89	1320
448	37	89	1584
449	22	89	1867
450	77	90	1777
451	14	90	1837
452	95	90	1418
453	15	90	1558
454	41	90	1704
455	3	90	1950
456	15	90	1188
457	75	90	1608
458	35	90	1738
459	69	91	1244
460	79	92	1323
461	30	92	1458
462	61	92	1390
463	5	92	1950
464	81	92	1264
465	84	92	1026
466	92	92	1708
467	90	92	1540
468	85	92	1842
469	63	93	1955
470	90	93	1440
471	94	93	1055
472	23	93	1174
473	7	93	1701
474	81	93	1261
475	58	93	1803
476	56	93	1990
477	3	94	1283
478	56	94	1565
479	29	94	1668
480	13	94	1587
481	58	94	1171
482	77	94	1708
483	38	94	1224
484	56	94	1284
485	66	94	1442
486	55	95	1121
487	80	95	1306
488	94	95	1632
489	25	95	1804
490	19	95	1293
491	95	96	1415
492	54	96	1389
493	82	97	1219
494	43	97	1992
495	94	97	1643
496	90	97	1072
497	7	97	1406
498	76	97	1791
499	20	97	1484
500	58	97	1154
501	7	97	1312
502	14	97	1287
503	74	98	1317
504	25	99	1164
505	20	99	1636
506	50	99	1543
507	36	99	1185
508	31	100	1982
509	69	100	1069
510	58	100	1643
511	4	100	1101
512	28	100	1420
513	49	100	1035
514	46	100	1276
515	68	100	1737
516	14	101	1044
517	38	101	1947
518	35	101	1149
519	81	101	1159
520	53	101	1788
521	41	101	1965
522	23	102	1087
523	66	102	1996
524	9	102	1926
525	98	103	1550
526	48	104	1368
527	1	104	1440
528	52	104	1371
529	41	104	1580
530	83	105	1511
531	11	105	1944
532	13	105	1717
533	60	105	1083
534	91	105	1501
535	28	105	1849
536	32	105	1676
537	22	105	1555
538	6	105	1555
539	88	105	1367
540	38	106	1760
541	90	106	1242
542	59	106	1074
543	11	107	1322
544	36	107	1502
545	65	107	1805
546	21	107	1512
547	47	107	1401
548	65	107	1763
549	37	107	1526
550	41	108	1101
551	57	108	1031
552	35	108	1111
553	66	108	1364
554	9	108	1304
555	20	108	1336
556	95	108	1254
557	63	108	1644
558	41	108	1685
559	75	109	1156
560	89	109	1056
561	52	109	1206
562	80	109	1882
563	9	109	1414
564	30	110	1581
565	10	110	1010
566	85	110	1006
567	12	110	1553
568	25	111	1830
569	73	111	1718
570	83	112	1628
571	2	112	1179
572	17	112	1088
573	10	112	1457
574	50	112	1398
575	66	112	1720
576	35	112	1912
577	44	112	1237
578	52	113	1138
579	83	114	1247
580	69	114	1317
581	57	114	1387
582	7	114	1662
583	33	114	1346
584	22	114	1224
585	47	114	1633
586	50	114	1518
587	49	114	1069
588	91	114	1150
589	4	115	1959
590	86	115	1314
591	60	115	1636
592	27	115	1760
593	17	116	1326
594	29	116	1227
595	49	116	1094
596	62	116	1620
597	40	116	1144
598	67	116	1308
599	97	116	1847
600	23	116	1184
601	2	116	1716
602	61	116	1056
603	88	117	1945
604	53	117	1972
605	95	117	1350
606	3	117	1714
607	89	117	1051
608	44	117	1930
609	85	117	1095
610	96	118	1705
611	30	118	1412
612	5	118	1621
613	98	118	1257
614	52	118	1385
615	5	118	1060
616	71	118	1110
617	52	118	1628
618	83	119	1826
619	49	120	1173
620	75	120	1075
621	89	120	1793
622	43	120	1056
623	95	121	1104
624	5	121	1385
625	38	121	1334
626	86	121	1914
627	9	122	1483
628	76	122	1094
629	1	122	1220
630	63	122	1862
631	79	122	1709
632	71	122	1736
633	52	122	1260
634	44	122	1533
635	91	122	1093
636	19	123	1332
637	84	123	1384
638	68	123	1114
639	53	123	1044
640	8	123	1748
641	55	123	1230
642	58	124	1291
643	93	124	1869
644	95	124	1144
645	68	124	1948
646	10	125	1266
647	76	125	1289
648	56	125	1980
649	54	126	1944
650	45	126	1093
651	1	126	1446
652	92	126	1952
653	81	126	1300
654	22	127	1059
655	53	127	1188
656	18	127	1987
657	8	127	1512
658	16	127	1799
659	73	127	1069
660	9	127	1138
661	30	127	1776
662	98	127	1901
663	32	128	1301
664	57	128	1812
665	14	128	1309
666	39	129	1225
667	62	129	1687
668	69	129	1394
669	96	129	1599
670	16	129	1231
671	74	129	1904
672	80	129	1984
673	59	130	1962
674	52	130	1065
675	77	131	1752
676	25	132	1924
677	57	132	1411
678	61	132	1755
679	60	132	1875
680	64	133	1963
681	25	134	1047
682	7	134	1641
683	50	134	1120
684	67	134	1138
685	94	134	1750
686	65	134	1633
687	57	134	1827
688	10	134	1983
689	61	135	1507
690	4	135	1249
691	67	135	1266
692	68	136	1724
693	53	136	1404
694	86	136	1732
695	51	136	1845
696	71	136	1961
697	10	136	1345
698	59	136	1868
699	92	136	1243
700	32	136	1895
701	37	137	1700
702	25	137	1786
703	25	137	1824
704	54	137	1458
705	29	137	1519
706	67	137	1986
707	91	137	1401
708	47	137	1466
709	9	137	1932
710	92	137	1969
711	68	138	1059
712	59	138	1298
713	77	138	1213
714	34	138	1318
715	12	138	1696
716	10	138	1943
717	59	138	1484
718	51	138	1953
719	59	138	1490
720	16	138	1594
721	41	139	1520
722	49	139	1108
723	15	139	1584
724	39	140	1463
725	96	140	1202
726	58	140	1395
727	79	140	1637
728	36	140	1657
729	18	140	1627
730	55	140	1973
731	49	140	1874
732	91	141	1172
733	72	141	1059
734	47	141	1539
735	97	141	1149
736	73	141	1931
737	17	141	1966
738	79	141	1627
739	39	141	1797
740	65	142	1246
741	83	142	1381
742	11	142	1701
743	55	142	1549
744	8	142	1536
745	31	143	1669
746	59	143	1175
747	82	143	1870
748	38	143	1140
749	11	143	1575
750	64	143	1233
751	43	144	1863
752	64	144	1694
753	4	145	1844
754	55	145	1626
755	71	145	1038
756	93	145	1885
757	82	145	1631
758	82	145	1377
759	93	145	1736
760	3	145	1090
761	28	145	1255
762	13	146	1404
763	88	147	1834
764	30	147	1334
765	75	147	1424
766	3	147	1588
767	74	147	1300
768	76	147	1374
769	41	147	1076
770	29	147	1971
771	100	148	1266
772	85	148	1589
773	70	148	1378
774	50	148	1690
775	78	148	1615
776	4	148	1483
777	42	149	1492
778	16	149	1003
779	80	149	1444
780	1	149	1194
781	5	149	1406
782	93	149	1012
783	55	150	1906
784	48	150	1951
785	69	150	1164
786	89	150	1038
787	43	150	1377
788	80	150	1263
789	35	150	1024
790	88	151	1541
791	94	152	1647
792	22	152	1168
793	76	152	1381
794	12	152	1686
795	91	152	1864
796	71	152	1419
797	48	152	1964
798	94	152	1195
799	13	153	1472
800	11	153	1559
801	72	153	1920
802	53	153	1909
803	38	153	1845
804	73	153	1770
805	86	153	1165
806	92	153	1885
807	95	153	1664
808	76	154	1719
809	49	154	1521
810	11	154	1072
811	56	154	1099
812	26	154	1279
813	47	154	1217
814	91	155	1513
815	13	155	1116
816	46	155	1469
817	9	155	1059
818	96	155	1259
819	100	155	1124
820	26	155	1411
821	61	155	1776
822	37	155	1691
823	70	155	1597
824	89	156	1306
825	92	156	1324
826	66	156	1432
827	13	156	1984
828	10	156	1020
829	76	156	1244
830	86	157	1498
831	67	158	1943
832	51	158	1353
833	74	158	1798
834	18	159	1799
835	24	159	1517
836	59	159	1162
837	5	159	1983
838	83	159	1098
839	82	159	1389
840	58	159	1170
841	83	159	1072
842	4	160	1380
843	10	160	1204
844	3	160	1296
845	6	160	1392
846	36	160	1163
847	9	160	1993
848	8	161	1472
849	59	161	1674
850	100	161	1040
851	34	161	1295
852	22	161	1335
853	100	162	1773
854	13	162	1984
855	9	162	1549
856	42	162	1007
857	17	162	1270
858	9	162	1969
859	33	162	1054
860	86	162	1792
861	41	163	1531
862	73	163	1232
863	69	163	1726
864	50	163	1425
865	36	164	1211
866	12	164	1038
867	100	165	1276
868	15	165	1332
869	81	165	1542
870	35	165	1532
871	57	165	1820
872	78	165	1225
873	82	165	1168
874	88	166	1657
875	9	166	1096
876	73	166	1677
877	56	166	1759
878	75	166	1307
879	39	166	1699
880	4	167	1326
881	73	167	1474
882	29	167	1591
883	97	167	1073
884	86	168	1976
885	61	168	1580
886	22	168	1688
887	31	168	1589
888	20	168	1442
889	9	168	1046
890	59	168	1123
891	97	168	1244
892	16	168	1375
893	22	169	1618
894	20	169	1242
895	91	169	1517
896	77	169	1628
897	45	170	1552
898	52	170	1491
899	4	170	1819
900	32	170	1161
901	88	170	1363
902	18	170	1958
903	94	171	1762
904	63	171	1066
905	24	171	1267
906	45	171	1881
907	31	172	1758
908	30	172	1558
909	64	172	1625
910	31	172	1601
911	47	172	1662
912	88	172	1201
913	92	172	1223
914	56	172	1256
915	64	173	1697
916	16	173	1991
917	12	173	1921
918	6	173	1780
919	83	173	1325
920	28	173	1844
921	18	173	1691
922	85	173	1190
923	57	173	1622
924	21	174	1207
925	88	174	1556
926	18	174	1119
927	97	174	1626
928	94	174	1096
929	52	174	1375
930	65	174	1531
931	5	174	1886
932	56	174	1499
933	28	174	1704
934	79	175	1906
935	47	175	1612
936	20	175	1283
937	42	175	1813
938	52	175	1690
939	66	175	1472
940	34	175	1753
941	4	175	1089
942	52	175	1839
943	33	176	1982
944	85	176	1260
945	9	176	1891
946	35	176	1488
947	39	177	1615
948	92	177	1634
949	47	177	1793
950	20	178	1329
951	15	178	1568
952	55	178	1208
953	60	178	1386
954	3	178	1845
955	20	178	1692
956	46	179	1097
957	18	179	1497
958	40	179	1122
959	58	179	1483
960	42	180	1347
961	68	180	1718
962	13	180	1649
963	35	180	1907
964	10	180	1376
965	47	180	1185
966	87	180	1353
967	79	180	1181
968	31	180	1461
969	18	181	1087
970	66	181	1579
971	60	181	1739
972	10	182	1824
973	52	182	1106
974	63	182	1888
975	7	182	1126
976	21	182	1075
977	67	182	1894
978	52	183	1956
979	82	183	1928
980	71	183	1548
981	59	183	1600
982	98	183	1786
983	32	183	1037
984	62	183	1366
985	23	183	1226
986	50	184	1547
987	87	184	1647
988	1	184	1841
989	11	184	1765
990	49	184	1628
991	90	184	1634
992	19	185	1549
993	76	185	1301
994	32	186	1979
995	25	187	1623
996	25	187	1261
997	74	187	1486
998	46	187	1913
999	95	187	1289
1000	80	187	1439
1001	95	187	1469
1002	44	187	1390
1003	30	187	1177
1004	31	187	1622
1005	57	188	1924
1006	60	188	1322
1007	69	188	1982
1008	13	188	1579
1009	52	189	1603
1010	98	189	1188
1011	21	190	1539
1012	47	190	1398
1013	18	191	1140
1014	40	191	1357
1015	24	191	1464
1016	100	191	1498
1017	77	191	1434
1018	33	191	1544
1019	83	191	1134
1020	64	191	1735
1021	30	191	1843
1022	28	191	1944
1023	84	192	1727
1024	1	192	1510
1025	9	192	1878
1026	1	192	2000
1027	89	192	1735
1028	33	193	1675
1029	97	193	1305
1030	62	193	1479
1031	43	193	1451
1032	82	193	1240
1033	14	193	1576
1034	8	194	1510
1035	42	194	1654
1036	64	194	1952
1037	67	194	1421
1038	70	194	1200
1039	71	194	1067
1040	2	194	1051
1041	43	194	1596
1042	36	195	1927
1043	8	195	1883
1044	58	195	1801
1045	73	195	1889
1046	79	195	1036
1047	38	195	1224
1048	13	195	1374
1049	14	195	1985
1050	13	195	1762
1051	39	196	1494
1052	89	196	1355
1053	28	196	1549
1054	1	196	1963
1055	64	196	1797
1056	93	197	1504
1057	73	198	1526
1058	36	198	1599
1059	67	198	1949
1060	98	198	1190
1061	78	198	1671
1062	52	198	1368
1063	33	198	1228
1064	27	198	1040
1065	40	199	1760
1066	39	199	1773
1067	24	199	1687
1068	14	199	1741
1069	47	199	1989
1070	41	199	1507
1071	63	199	1700
1072	5	200	1590
1073	39	200	1747
1074	48	201	1187
1075	71	201	1281
1076	70	201	1754
1077	32	201	1205
1078	35	201	1305
1079	19	201	1684
1080	98	201	1968
1081	4	201	1116
1082	46	201	1291
1083	33	202	1240
1084	80	202	1910
1085	17	202	1452
1086	31	202	1674
1087	58	202	1592
1088	8	202	1135
1089	53	203	1190
1090	50	203	1711
1091	60	203	1970
1092	70	203	1864
1093	72	203	1776
1094	56	203	1577
1095	44	203	1717
1096	25	203	1850
1097	21	203	1055
1098	1	203	1046
1099	31	204	1870
1100	75	204	1697
1101	44	204	1623
1102	89	204	1119
1103	74	204	1376
1104	19	204	1862
1105	70	204	1324
1106	55	205	1699
1107	51	205	1318
1108	55	205	1963
1109	51	205	1519
1110	41	205	1570
1111	46	205	1153
1112	32	205	1722
1113	91	206	1275
1114	50	206	1709
1115	97	206	1693
1116	91	206	1547
1117	79	206	1535
1118	93	206	1188
1119	39	206	1361
1120	82	206	1361
1121	30	206	1383
1122	61	206	1652
1123	60	207	1111
1124	90	207	1217
1125	57	207	1230
1126	2	207	1371
1127	88	207	1146
1128	84	207	1957
1129	75	207	1150
1130	40	207	1715
1131	89	207	1755
1132	32	208	1129
1133	6	208	1730
1134	28	208	1085
1135	24	208	1422
1136	76	208	1126
1137	87	208	1659
1138	68	208	1901
1139	47	208	1653
1140	19	208	1086
1141	24	208	1360
1142	37	209	1192
1143	1	209	1678
1144	77	210	1486
1145	75	210	1406
1146	57	210	1537
1147	100	210	1805
1148	53	210	1133
1149	58	210	1785
1150	21	210	1336
1151	7	210	1258
1152	76	210	1594
1153	12	211	1781
1154	41	211	1492
1155	77	211	1924
1156	86	212	1998
1157	25	212	1148
1158	28	212	1137
1159	55	212	1027
1160	40	212	1740
1161	56	212	1588
1162	94	213	1284
1163	26	213	1990
1164	66	213	1033
1165	40	213	1426
1166	58	213	1074
1167	86	213	1325
1168	17	213	1542
1169	65	213	1522
1170	5	213	1479
1171	83	214	1400
1172	3	214	1835
1173	64	214	1573
1174	60	214	1674
1175	75	214	1850
1176	50	215	1860
1177	86	215	1728
1178	59	215	1720
1179	80	215	1051
1180	74	215	1636
1181	8	215	1552
1182	98	215	1694
1183	100	215	1566
1184	22	215	1488
1185	65	216	1204
1186	17	216	1557
1187	4	216	1183
1188	71	217	1091
1189	38	217	1085
1190	80	217	1320
1191	87	217	1826
1192	92	217	1751
1193	41	217	1797
1194	71	218	1101
1195	89	218	1815
1196	14	218	1581
1197	75	218	1733
1198	26	218	1374
1199	18	218	1004
1200	76	219	1765
1201	23	219	1492
1202	1	219	1037
1203	84	220	1273
1204	32	220	1746
1205	20	220	1593
1206	94	220	1296
1207	56	220	1013
1208	54	220	1492
1209	33	220	1711
1210	81	221	1637
1211	83	221	1441
1212	69	221	1390
1213	50	222	1652
1214	50	222	1158
1215	94	222	1338
1216	37	222	1487
1217	2	222	1945
1218	48	222	1704
1219	21	222	1441
1220	26	222	1606
1221	12	222	1724
1222	32	223	1788
1223	72	223	1535
1224	92	223	1506
1225	4	223	1126
1226	74	223	1573
1227	94	223	1833
1228	94	223	1991
1229	3	223	1427
1230	99	223	1765
1231	37	223	1272
1232	48	224	1188
1233	47	224	1579
1234	12	224	1414
1235	76	224	1533
1236	100	224	1455
1237	67	224	1758
1238	31	224	1525
1239	14	224	1109
1240	41	224	1379
1241	20	225	1743
1242	18	225	1873
1243	13	226	1753
1244	4	226	1959
1245	22	226	1121
1246	92	226	1896
1247	72	227	1584
1248	59	227	1190
1249	75	228	1170
1250	77	228	1520
1251	54	228	1988
1252	49	228	1039
1253	97	228	1429
1254	20	229	1514
1255	32	229	1884
1256	66	229	1471
1257	17	229	1553
1258	81	229	1374
1259	36	230	1265
1260	25	230	1060
1261	77	230	1326
1262	74	231	1130
1263	73	232	1132
1264	3	232	1667
1265	92	232	1740
1266	95	232	1354
1267	47	232	1107
1268	99	233	1055
1269	99	233	1807
1270	71	233	1388
1271	47	233	1187
1272	73	233	1675
1273	65	234	1942
1274	47	234	1529
1275	37	234	1368
1276	70	234	1035
1277	66	234	1657
1278	66	234	1568
1279	65	234	1234
1280	30	234	1440
1281	77	234	1184
1282	34	234	1693
1283	10	235	1205
1284	40	235	1679
1285	11	235	1342
1286	95	235	1957
1287	22	236	1049
1288	35	236	1650
1289	60	236	1999
1290	30	236	1507
1291	93	236	1175
1292	61	236	1062
1293	87	237	1772
1294	6	237	1227
1295	3	237	1100
1296	34	237	1348
1297	24	237	1951
1298	97	237	1793
1299	23	238	1753
1300	63	238	1423
1301	58	238	1271
1302	56	238	1145
1303	13	238	1921
1304	55	238	1038
1305	42	238	1251
1306	96	238	1873
1307	35	239	1481
1308	37	239	1827
1309	20	240	1268
1310	33	240	1282
1311	97	241	1985
1312	57	241	1454
1313	36	241	1222
1314	2	241	1533
1315	61	241	1816
1316	80	241	1713
1317	98	242	1956
1318	24	242	1854
1319	40	242	1858
1320	36	242	1092
1321	95	243	1334
1322	56	244	1404
1323	36	244	1272
1324	80	244	1098
1325	72	244	1543
1326	68	244	1386
1327	23	244	1422
1328	24	244	1397
1329	28	245	1619
1330	22	245	1015
1331	44	246	1794
1332	48	246	1340
1333	40	246	1904
1334	75	247	1293
1335	67	248	1635
1336	64	248	1783
1337	72	248	1848
1338	44	248	1002
1339	71	248	1910
1340	76	248	1676
1341	5	248	1222
1342	49	249	1337
1343	2	249	1468
1344	98	249	1491
1345	7	250	1941
1346	83	250	1063
1347	89	250	1291
1348	27	250	1259
1349	59	250	1588
1350	38	250	1506
1351	86	250	1112
1352	25	250	1247
1353	13	250	1426
1354	31	251	1626
1355	42	251	1084
1356	44	251	1577
1357	37	252	1525
1358	5	252	1155
1359	28	252	1921
1360	17	253	1012
1361	18	253	1894
1362	18	253	1025
1363	43	254	1637
1364	83	254	1415
1365	8	254	1087
1366	25	254	1970
1367	72	254	1795
1368	11	254	1455
1369	66	255	1426
1370	84	255	1786
1371	14	255	1852
1372	11	255	1353
1373	66	255	1106
1374	27	255	1141
1375	12	255	1125
1376	72	255	1078
1377	74	255	1570
1378	28	256	1632
1379	40	256	1359
1380	48	256	1724
1381	84	256	1465
1382	82	256	1829
1383	80	256	1986
1384	14	256	1527
1385	84	256	1980
1386	21	256	1914
1387	8	257	1607
1388	22	257	1554
1389	7	257	1188
1390	85	257	1635
1391	58	257	1717
1392	36	257	1099
1393	10	257	1864
1394	93	257	1640
1395	14	257	1729
1396	49	258	1264
1397	77	258	1067
1398	44	258	1186
1399	16	258	1098
1400	67	258	1898
1401	28	258	1547
1402	70	259	1839
1403	79	259	1235
1404	1	259	1118
1405	8	260	1555
1406	41	260	1811
1407	22	261	1308
1408	95	261	1865
1409	66	261	1341
1410	34	261	1713
1411	1	261	1593
1412	63	261	1370
1413	27	262	1113
1414	99	262	1908
1415	40	262	1052
1416	20	262	1092
1417	73	262	1277
1418	16	263	1605
1419	74	263	1959
1420	77	263	1729
1421	25	263	1939
1422	53	263	1344
1423	52	263	1868
1424	67	263	1407
1425	55	263	1006
1426	80	263	1932
1427	10	263	1781
1428	83	264	1374
1429	39	264	1544
1430	63	264	1169
1431	90	264	1863
1432	6	264	1861
1433	54	264	1444
1434	49	264	1964
1435	54	265	1595
1436	29	265	1943
1437	8	266	1526
1438	44	266	1188
1439	91	266	1305
1440	84	266	1184
1441	82	266	1496
1442	68	266	1612
1443	77	266	1199
1444	80	267	1314
1445	59	267	1497
1446	56	267	1798
1447	26	267	1245
1448	13	267	1577
1449	94	267	1824
1450	60	267	1512
1451	98	267	1423
1452	74	268	1426
1453	72	268	1359
1454	55	268	1998
1455	60	268	1659
1456	45	268	1027
1457	4	268	1030
1458	71	268	1619
1459	29	268	1561
1460	62	268	1633
1461	85	269	1196
1462	37	269	1242
1463	83	269	1159
1464	93	269	1252
1465	47	270	1464
1466	93	270	1424
1467	44	270	1151
1468	50	270	1277
1469	40	271	1259
1470	88	271	1316
1471	36	272	1931
1472	13	272	1294
1473	49	272	1771
1474	94	272	1418
1475	33	273	1906
1476	48	273	1507
1477	92	273	1293
1478	65	273	1872
1479	13	273	1304
1480	38	274	1589
1481	10	274	1218
1482	11	274	1638
1483	15	274	1984
1484	95	274	1363
1485	91	274	1080
1486	38	274	1581
1487	45	275	1572
1488	94	275	1470
1489	16	275	1127
1490	77	275	1539
1491	82	275	1569
1492	91	275	1573
1493	87	275	1392
1494	62	275	1193
1495	92	275	1728
1496	53	276	1414
1497	31	276	1736
1498	42	276	1665
1499	55	277	1883
1500	36	277	1212
1501	96	277	1514
1502	20	277	1791
1503	18	277	1974
1504	95	277	1897
1505	36	277	1433
1506	32	277	1076
1507	62	278	1454
1508	49	278	1119
1509	96	278	1880
1510	28	279	1876
1511	21	280	1898
1512	92	280	1456
1513	94	280	1988
1514	10	280	1821
1515	60	280	1807
1516	41	281	1775
1517	15	281	1379
1518	56	281	1540
1519	72	281	1945
1520	99	281	1901
1521	99	281	1856
1522	71	282	1685
1523	7	282	1617
1524	99	283	1556
1525	10	284	1944
1526	41	284	1110
1527	32	284	1586
1528	84	284	1500
1529	40	285	1360
1530	95	285	1543
1531	1	285	1865
1532	21	285	1269
1533	59	285	1995
1534	25	285	1493
1535	16	285	1233
1536	66	285	1245
1537	52	285	1401
1538	4	285	1778
1539	62	286	1198
1540	37	286	1786
1541	79	286	1834
1542	100	286	1147
1543	75	286	1420
1544	38	286	1282
1545	74	286	1303
1546	69	287	1908
1547	17	287	1541
1548	59	287	1825
1549	15	287	1123
1550	93	287	1223
1551	82	287	1821
1552	9	287	1558
1553	78	287	1213
1554	66	288	1025
1555	41	288	1289
1556	100	288	1754
1557	12	289	1661
1558	72	289	1296
1559	3	289	2000
1560	84	290	1476
1561	8	290	1718
1562	87	290	1946
1563	76	290	1026
1564	48	290	1527
1565	86	291	1454
1566	50	292	1172
1567	24	292	1553
1568	26	292	1698
1569	81	292	1038
1570	13	292	1032
1571	70	292	1885
1572	81	292	1517
1573	13	292	1273
1574	33	292	1385
1575	42	293	1689
1576	42	293	1391
1577	94	294	1836
1578	90	294	1196
1579	41	295	1026
1580	74	295	1370
1581	66	295	1684
1582	55	295	1398
1583	58	295	1249
1584	30	295	1594
1585	74	295	1423
1586	98	296	1591
1587	93	296	1048
1588	19	296	1887
1589	35	296	1793
1590	73	296	1983
1591	40	296	1630
1592	71	296	1684
1593	6	296	1800
1594	14	297	1167
1595	49	297	1283
1596	94	297	1460
1597	88	297	1686
1598	77	298	1857
1599	1	298	1034
1600	37	299	1356
1601	67	299	1178
1602	4	299	1252
1603	52	299	1831
1604	50	299	1127
1605	33	299	1008
1606	17	299	1740
1607	42	299	1961
1608	37	300	1562
1609	13	300	1987
1610	97	300	1504
1611	3	300	1894
1612	84	300	1164
1613	9	300	1945
1614	76	300	1525
1615	78	300	1880
1616	57	300	1766
1617	67	300	1759
1618	5	301	1201
1619	22	301	1088
1620	47	301	1620
1621	69	301	1308
1622	1	301	1495
1623	94	301	1982
1624	35	301	1180
1625	55	302	1299
1626	9	302	1547
1627	84	302	1211
1628	15	302	1395
1629	6	302	1932
1630	20	302	1762
1631	25	302	1162
1632	24	303	1865
1633	77	304	1446
1634	68	304	1161
1635	17	304	1481
1636	27	305	1881
1637	35	305	1271
1638	59	305	1795
1639	51	305	1063
1640	42	305	1465
1641	42	305	1244
1642	26	305	1828
1643	68	306	1481
1644	87	306	1281
1645	74	306	1369
1646	27	306	1180
1647	25	306	1857
1648	69	306	1141
1649	62	306	1768
1650	8	307	1697
1651	88	307	1292
1652	33	307	1743
1653	91	307	1734
1654	78	307	1142
1655	43	307	1453
1656	41	307	1172
1657	80	307	1843
1658	88	307	1785
1659	85	308	1411
1660	19	308	1795
1661	77	308	1435
1662	19	308	1034
1663	96	308	1156
1664	11	308	1450
1665	33	308	1039
1666	28	308	1770
1667	34	308	1721
1668	84	309	1071
1669	34	310	1789
1670	97	310	1353
1671	11	310	1543
1672	76	310	1975
1673	29	310	1609
1674	38	310	1953
1675	56	310	1961
1676	80	310	1438
1677	91	310	1354
1678	63	311	1505
1679	47	311	1196
1680	5	312	1397
1681	17	312	1969
1682	57	312	1588
1683	52	313	1815
1684	81	313	1268
1685	79	313	1342
1686	46	313	1302
1687	93	313	1202
1688	78	314	1859
1689	34	314	1696
1690	60	314	1663
1691	5	314	1381
1692	76	314	1880
1693	36	314	1040
1694	88	314	1656
1695	84	314	1958
1696	74	315	1970
1697	49	315	1756
1698	11	315	1046
1699	23	315	1021
1700	7	315	1289
1701	49	315	1559
1702	91	315	1697
1703	78	315	1227
1704	50	316	1201
1705	3	316	1386
1706	53	317	1056
1707	11	317	1333
1708	37	317	1391
1709	89	317	1424
1710	92	317	1561
1711	65	317	1667
1712	7	317	1159
1713	93	317	1282
1714	57	317	1159
1715	50	318	1585
1716	76	318	1595
1717	91	318	1450
1718	13	318	1252
1719	47	318	1921
1720	56	318	1231
1721	13	318	1878
1722	72	318	1411
1723	4	319	1736
1724	95	319	1080
1725	80	319	1364
1726	36	319	1878
1727	4	319	1036
1728	57	319	1939
1729	94	319	1378
1730	79	319	2000
1731	36	320	1627
1732	75	320	1815
1733	10	320	1489
1734	94	320	1850
1735	31	320	1611
1736	3	320	1415
1737	72	320	1871
1738	72	320	1237
1739	47	321	1047
1740	22	321	1529
1741	48	322	1613
1742	1	322	1986
1743	21	322	1436
1744	25	322	1526
1745	34	322	1500
1746	44	322	1555
1747	8	322	1125
1748	31	323	1380
1749	54	323	1342
1750	68	323	1083
1751	93	323	1255
1752	63	323	1047
1753	76	323	1914
1754	15	323	1731
1755	24	323	1849
1756	58	323	1046
1757	59	324	1732
1758	40	324	1006
1759	14	324	1512
1760	13	324	1128
1761	5	325	1092
1762	56	325	1712
1763	53	325	1220
1764	45	325	1730
1765	31	325	1611
1766	19	325	1263
1767	37	325	1281
1768	95	325	1533
1769	31	326	1388
1770	19	326	1510
1771	83	326	1176
1772	97	326	1518
1773	24	326	1640
1774	86	326	1744
1775	1	326	1696
1776	61	327	1322
1777	20	328	1922
1778	96	329	1835
1779	83	329	1076
1780	65	329	1039
1781	77	329	1891
1782	28	329	1546
1783	18	329	1965
1784	21	329	1359
1785	9	330	1384
1786	98	330	1808
1787	12	330	1253
1788	63	330	1710
1789	47	330	1040
1790	42	330	1253
1791	70	330	1579
1792	2	330	1811
1793	58	330	1714
1794	16	331	1195
1795	98	331	1431
1796	11	331	1841
1797	88	331	1126
1798	64	332	1370
1799	9	332	1988
1800	56	332	1821
1801	52	332	1629
1802	6	333	1139
1803	95	333	1978
1804	8	333	1453
1805	21	333	1522
1806	96	333	1071
1807	24	333	1220
1808	67	333	1282
1809	54	333	1494
1810	12	333	1637
1811	57	334	1014
1812	26	334	1402
1813	10	334	1283
1814	93	334	1350
1815	6	334	1939
1816	22	334	1988
1817	31	334	1400
1818	45	334	1554
1819	3	335	1476
1820	52	335	1812
1821	51	336	1942
1822	69	336	1071
1823	75	337	1486
1824	46	337	1629
1825	86	337	1696
1826	95	337	1386
1827	99	337	1332
1828	94	337	1176
1829	76	338	1833
1830	10	338	1773
1831	56	338	1205
1832	26	339	1728
1833	74	339	1115
1834	59	339	1966
1835	71	340	1410
1836	88	340	1466
1837	79	340	1339
1838	52	341	1768
1839	40	341	1837
1840	41	341	1033
1841	46	341	1388
1842	54	341	1387
1843	91	341	1310
1844	30	342	1951
1845	46	343	1996
1846	24	343	1240
1847	6	343	1943
1848	91	344	1617
1849	19	345	1453
1850	48	345	1173
1851	12	345	1451
1852	62	345	1382
1853	97	346	1411
1854	92	346	1183
1855	18	347	1854
1856	35	347	1367
1857	95	347	1012
1858	72	347	1441
1859	38	347	1210
1860	33	347	1186
1861	84	348	1287
1862	71	348	1962
1863	57	348	1281
1864	34	348	1162
1865	100	348	1635
1866	65	349	1444
1867	48	349	1031
1868	53	349	1344
1869	91	349	1723
1870	75	349	1993
1871	11	349	1332
1872	20	349	1431
1873	85	350	1352
1874	9	350	1685
1875	59	350	1351
1876	100	350	1928
1877	81	350	1967
1878	46	350	1389
1879	24	350	1681
1880	40	351	1112
1881	50	351	1346
1882	11	351	1464
1883	95	351	1723
1884	57	351	1818
1885	52	351	1189
1886	85	352	1172
1887	45	352	1883
1888	59	352	1924
1889	72	352	1079
1890	41	352	1112
1891	32	352	1750
1892	42	352	1238
1893	82	352	1242
1894	51	353	1284
1895	57	354	1767
1896	93	354	1903
1897	91	354	1190
1898	2	355	1458
1899	55	355	1450
1900	69	355	1800
1901	7	356	1177
1902	41	356	1602
1903	11	356	1161
1904	9	356	1874
1905	80	356	1645
1906	31	356	1499
1907	10	356	1446
1908	2	356	1997
1909	64	357	1750
1910	37	357	1879
1911	99	358	1596
1912	10	358	1062
1913	26	358	1325
1914	64	358	1416
1915	74	358	1234
1916	23	358	1628
1917	33	358	1796
1918	66	358	1580
1919	40	358	1713
1920	6	359	1776
1921	5	359	1934
1922	85	359	1455
1923	95	359	1411
1924	56	360	1328
1925	55	360	1987
1926	68	361	1354
1927	56	361	1299
1928	85	361	1125
1929	7	361	1388
1930	61	361	1288
1931	25	362	1623
1932	25	362	1514
1933	90	362	1928
1934	82	363	1224
1935	35	363	1159
1936	73	363	1534
1937	33	364	1476
1938	84	364	1714
1939	23	364	1622
1940	13	364	1804
1941	87	364	1864
1942	19	364	1057
1943	4	365	1592
1944	36	365	1860
1945	72	365	1429
1946	16	365	1743
1947	14	365	1542
1948	42	365	1068
1949	18	365	1276
1950	79	365	1883
1951	4	365	1776
1952	24	365	1176
1953	26	366	1519
1954	28	366	1429
1955	56	366	1967
1956	19	366	1308
1957	11	367	1828
1958	99	367	1348
1959	17	367	1916
1960	92	367	1905
1961	66	367	1620
1962	43	367	1777
1963	16	368	1149
1964	93	368	1093
1965	9	368	1563
1966	24	368	1632
1967	65	368	1679
1968	58	368	1744
1969	8	368	1885
1970	28	368	1877
1971	91	368	1288
1972	81	368	1124
1973	20	369	1862
1974	53	369	1368
1975	35	370	1989
1976	49	370	1085
1977	40	370	1151
1978	48	370	1731
1979	8	370	1066
1980	31	370	1434
1981	80	370	1766
1982	47	370	1212
1983	82	370	1775
1984	24	371	1860
1985	38	371	1234
1986	40	371	1189
1987	83	371	1828
1988	88	371	1145
1989	22	372	1710
1990	1	372	1328
1991	85	372	1624
1992	55	372	1193
1993	34	372	1606
1994	84	372	1109
1995	73	372	1108
1996	42	372	1813
1997	30	373	1883
1998	3	373	1525
1999	76	373	1261
2000	48	373	1124
2001	52	373	1460
2002	7	373	1578
2003	2	373	1714
2004	59	373	1147
2005	56	373	1511
2006	61	374	1462
2007	90	374	1400
2008	90	374	1148
2009	53	374	1102
2010	51	374	1014
2011	99	374	1997
2012	60	375	1409
2013	33	375	1332
2014	37	375	1729
2015	96	375	1345
2016	35	375	1652
2017	65	375	1321
2018	35	375	1474
2019	89	376	1440
2020	18	376	1132
2021	48	376	1465
2022	28	376	1540
2023	82	376	1432
2024	60	376	1648
2025	76	376	1486
2026	57	376	1828
2027	73	376	1446
2028	97	377	1186
2029	88	377	1144
2030	7	377	1812
2031	70	377	1902
2032	36	377	1369
2033	96	377	1100
2034	22	377	1635
2035	10	378	1812
2036	20	379	1970
2037	100	379	1539
2038	83	379	1928
2039	67	380	1152
2040	17	380	1314
2041	8	380	1025
2042	57	380	1856
2043	76	380	1990
2044	52	380	1850
2045	40	380	1223
2046	26	381	1158
2047	21	381	1061
2048	77	381	1050
2049	43	381	1019
2050	62	381	1407
2051	66	381	1520
2052	59	381	1120
2053	12	381	1507
2054	78	381	1801
2055	64	381	1442
2056	41	382	1473
2057	90	382	1365
2058	58	382	1988
2059	57	382	1796
2060	89	382	1128
2061	61	382	1858
2062	1	382	1234
2063	67	383	1089
2064	49	383	1083
2065	20	383	1528
2066	35	384	1587
2067	96	384	1200
2068	55	384	1231
2069	2	384	1530
2070	71	385	1993
2071	23	385	1876
2072	56	385	1394
2073	65	385	1963
2074	18	385	1971
2075	9	385	1571
2076	47	386	1987
2077	41	387	1880
2078	20	387	1375
2079	18	387	1871
2080	39	388	1387
2081	44	388	1365
2082	24	388	1922
2083	2	388	1625
2084	24	388	1996
2085	31	388	1683
2086	35	389	1354
2087	60	389	1637
2088	31	389	1413
2089	49	389	1308
2090	85	389	1765
2091	68	389	1402
2092	3	390	1342
2093	97	390	1059
2094	71	391	1264
2095	78	391	1606
2096	21	391	1738
2097	1	391	1300
2098	17	391	1605
2099	22	391	1732
2100	33	392	1776
2101	3	392	1651
2102	30	392	1918
2103	88	392	1542
2104	69	392	1331
2105	64	393	1481
2106	27	393	1753
2107	27	393	1734
2108	45	393	1046
2109	91	393	1235
2110	75	393	1239
2111	16	393	1239
2112	62	393	1453
2113	14	394	1132
2114	60	394	1698
2115	33	394	1599
2116	83	394	1729
2117	56	394	1270
2118	65	394	1916
2119	89	394	1400
2120	73	394	1740
2121	26	394	1503
2122	88	395	1388
2123	53	395	1364
2124	72	395	1424
2125	76	395	1009
2126	36	395	1723
2127	97	395	1803
2128	12	395	1583
2129	70	395	1875
2130	16	395	1633
2131	91	395	1883
2132	59	396	1417
2133	34	396	1237
2134	99	396	1879
2135	61	397	1040
2136	35	397	1298
2137	90	397	1974
2138	61	398	1922
2139	13	398	1398
2140	21	398	1121
2141	20	398	1841
2142	47	398	1454
2143	65	398	1239
2144	77	399	1325
2145	72	399	1893
2146	9	399	1628
2147	93	399	1827
2148	36	399	1635
2149	14	399	1731
2150	69	399	1368
2151	73	400	1470
2152	43	400	1581
2153	98	400	1403
2154	39	400	1444
2155	18	400	1593
2156	77	400	1888
2157	25	400	1912
2158	66	400	1189
2159	3	400	1294
2160	15	400	1475
2161	30	401	1908
2162	49	401	1406
2163	23	401	1412
2164	45	401	1146
2165	34	402	1162
2166	66	402	1390
2167	53	402	1994
2168	52	402	1034
2169	51	402	1310
2170	45	403	1601
2171	22	403	1769
2172	26	403	1071
2173	64	403	1687
2174	51	403	1639
2175	65	403	1662
2176	33	404	1502
2177	70	404	1031
2178	36	404	1745
2179	55	404	1540
2180	86	404	1313
2181	45	404	1111
2182	89	404	1631
2183	96	404	1464
2184	98	404	1984
2185	11	405	1789
2186	42	405	1277
2187	84	406	1456
2188	92	406	1260
2189	77	406	1107
2190	48	406	1449
2191	72	406	1101
2192	68	406	1356
2193	53	406	1868
2194	34	407	1452
2195	19	407	1942
2196	15	407	1165
2197	100	408	1020
2198	99	408	1488
2199	5	408	1603
2200	35	408	1499
2201	64	408	1369
2202	50	408	1337
2203	80	408	1808
2204	46	408	1682
2205	96	409	1942
2206	11	409	1234
2207	50	409	1599
2208	1	409	1450
2209	54	409	1200
2210	47	409	1709
2211	87	409	1622
2212	99	409	1571
2213	36	409	1948
2214	20	409	1814
2215	49	410	1386
2216	30	410	1165
2217	54	410	1310
2218	43	410	1490
2219	53	410	1034
2220	9	411	1952
2221	47	411	1360
2222	62	412	1617
2223	66	412	1073
2224	29	412	1091
2225	41	412	1876
2226	40	412	1912
2227	65	412	1828
2228	61	412	1775
2229	24	413	1892
2230	75	413	1216
2231	83	413	1361
2232	8	414	1642
2233	37	414	1816
2234	20	414	1908
2235	94	414	1903
2236	20	414	1649
2237	95	414	1465
2238	100	415	1452
2239	67	415	1477
2240	49	415	1955
2241	50	416	1359
2242	46	416	1592
2243	95	416	1483
2244	21	416	1849
2245	47	417	1591
2246	93	418	1877
2247	88	418	1182
2248	13	418	1242
2249	64	418	1879
2250	26	418	1588
2251	4	418	1864
2252	87	418	1931
2253	74	418	1930
2254	37	419	1364
2255	33	419	1555
2256	28	419	1522
2257	55	419	1324
2258	37	419	1377
2259	69	419	1239
2260	12	419	1515
2261	36	419	1012
2262	95	419	1931
2263	18	419	1019
2264	26	420	1090
2265	99	420	1885
2266	90	420	1945
2267	13	420	1415
2268	72	420	1639
2269	34	421	1581
2270	7	421	1859
2271	2	421	1692
2272	99	421	1456
2273	51	421	1841
2274	91	421	1596
2275	72	421	1676
2276	15	421	1102
2277	94	422	1454
2278	57	422	1434
2279	5	422	1085
2280	93	422	1722
2281	98	422	1196
2282	69	422	1353
2283	2	422	1121
2284	90	422	1726
2285	48	422	1316
2286	43	422	1647
2287	36	423	1405
2288	69	423	1743
2289	11	423	1809
2290	29	423	1873
2291	78	423	1074
2292	14	424	1028
2293	12	425	1174
2294	7	425	1070
2295	17	425	1395
2296	65	425	1456
2297	40	425	1435
2298	30	425	1004
2299	96	425	1225
2300	77	425	1877
2301	30	425	1573
2302	55	426	1992
2303	52	426	1080
2304	57	426	1364
2305	97	426	1656
2306	85	426	1493
2307	35	427	1244
2308	43	427	1631
2309	33	427	1075
2310	88	428	1264
2311	1	428	1414
2312	6	429	1843
2313	5	429	1783
2314	100	429	1522
2315	86	429	1201
2316	1	429	1987
2317	7	429	1527
2318	38	430	1411
2319	17	430	1447
2320	67	430	1766
2321	77	430	1860
2322	14	430	1348
2323	5	431	1733
2324	20	431	1255
2325	33	431	1226
2326	27	432	1451
2327	79	433	1475
2328	55	434	1889
2329	48	434	1662
2330	21	434	1219
2331	22	434	1009
2332	41	435	1240
2333	73	435	1699
2334	94	435	1766
2335	96	435	1912
2336	19	435	1138
2337	80	436	1754
2338	17	436	1850
2339	94	436	1788
2340	94	436	1706
2341	45	436	1564
2342	40	436	1924
2343	42	436	1234
2344	1	436	1457
2345	6	437	1313
2346	79	437	1816
2347	99	437	1344
2348	17	437	1305
2349	83	437	1039
2350	56	437	1252
2351	18	438	1796
2352	5	438	1363
2353	56	438	1934
2354	30	438	1064
2355	70	438	1885
2356	3	438	1836
2357	47	438	1007
2358	75	438	1323
2359	67	439	1980
2360	12	439	1190
2361	28	439	1824
2362	60	440	1085
2363	12	440	1279
2364	21	440	1418
2365	66	440	1285
2366	53	440	1975
2367	46	440	1609
2368	33	440	1986
2369	49	440	1670
2370	61	440	1207
2371	99	440	1883
2372	2	441	1670
2373	69	441	1966
2374	90	441	1723
2375	6	441	1805
2376	52	442	1617
2377	69	442	1275
2378	64	442	1891
2379	20	442	1840
2380	75	442	1605
2381	99	442	1106
2382	24	442	1531
2383	46	443	1507
2384	60	443	1709
2385	99	443	1525
2386	87	443	1861
2387	34	443	1891
2388	46	443	1118
2389	59	443	1909
2390	38	443	1914
2391	73	443	1648
2392	73	443	1914
2393	11	444	1597
2394	89	444	1488
2395	77	444	1968
2396	51	444	1002
2397	23	444	1445
2398	53	444	1996
2399	26	444	1880
2400	25	444	1617
2401	91	444	1315
2402	44	444	1328
2403	43	445	1748
2404	9	445	1752
2405	5	445	1459
2406	43	445	1796
2407	2	446	1583
2408	73	446	1721
2409	15	447	1483
2410	21	447	1914
2411	75	447	1453
2412	97	447	1640
2413	58	447	1577
2414	65	447	1830
2415	29	447	1625
2416	35	447	1382
2417	91	447	1679
2418	91	448	1625
2419	31	448	1679
2420	38	449	1670
2421	67	449	1110
2422	98	449	1004
2423	33	449	1406
2424	93	450	1673
2425	18	450	1747
2426	83	450	1827
2427	99	450	1822
2428	8	450	1856
2429	40	451	1584
2430	40	451	1680
2431	40	451	1429
2432	73	451	1153
2433	21	451	1387
2434	97	452	1375
2435	16	452	1870
2436	74	452	1963
2437	17	452	1813
2438	82	452	1796
2439	22	452	1123
2440	94	452	1597
2441	100	452	1917
2442	53	452	1082
2443	52	452	1303
2444	3	453	1509
2445	84	453	1053
2446	3	453	1622
2447	96	453	1470
2448	82	453	1735
2449	46	453	1267
2450	79	453	1562
2451	48	454	1554
2452	91	454	1946
2453	72	454	1532
2454	62	454	1029
2455	100	455	1947
2456	30	455	1024
2457	13	455	1807
2458	30	456	1400
2459	74	457	1604
2460	43	457	1615
2461	58	457	1796
2462	87	457	1221
2463	12	457	1289
2464	1	457	1471
2465	87	457	1181
2466	82	457	1386
2467	69	458	1247
2468	35	458	1558
2469	36	458	1552
2470	93	458	1474
2471	24	458	1900
2472	6	459	1289
2473	85	459	1609
2474	64	459	1831
2475	58	459	1863
2476	66	459	1531
2477	69	459	1974
2478	63	459	1411
2479	90	459	1196
2480	12	459	1407
2481	31	459	1649
2482	14	460	1531
2483	41	460	1312
2484	33	460	1814
2485	20	460	1563
2486	89	461	1683
2487	25	461	1322
2488	27	461	1273
2489	32	461	1301
2490	16	461	1552
2491	68	461	1066
2492	48	461	1103
2493	52	461	1095
2494	90	461	1610
2495	38	462	1404
2496	92	462	1243
2497	87	462	1739
2498	60	462	1943
2499	38	462	1181
2500	41	462	1680
2501	40	462	1278
2502	55	462	1643
2503	91	462	1471
2504	69	463	1830
2505	74	463	1797
2506	25	463	1899
2507	87	464	1736
2508	45	464	1611
2509	77	464	1166
2510	17	464	1295
2511	82	464	1274
2512	61	465	1991
2513	17	465	1943
2514	42	465	1399
2515	31	465	1218
2516	33	465	1481
2517	100	465	1450
2518	88	465	1565
2519	42	465	1406
2520	64	466	1502
2521	97	466	1393
2522	41	466	1164
2523	74	466	1197
2524	5	466	1787
2525	96	466	1228
2526	11	466	1078
2527	18	466	1355
2528	99	466	1071
2529	28	466	1122
2530	94	467	1977
2531	35	468	1230
2532	92	468	1657
2533	3	469	1381
2534	15	469	1828
2535	42	469	1198
2536	75	469	1134
2537	17	469	1521
2538	1	469	1736
2539	73	470	1063
2540	59	470	1077
2541	56	471	1962
2542	15	471	1133
2543	46	471	1327
2544	74	471	1842
2545	87	471	1240
2546	67	472	1518
2547	8	472	1066
2548	99	472	1768
2549	53	472	1557
2550	92	472	1142
2551	62	473	1889
2552	23	473	1883
2553	78	474	1973
2554	24	474	1153
2555	69	474	1142
2556	72	474	1845
2557	26	475	1705
2558	43	476	1202
2559	17	477	1454
2560	21	477	1459
2561	4	477	1571
2562	100	477	1775
2563	37	477	1455
2564	34	477	1853
2565	41	477	1244
2566	69	477	1697
2567	41	477	1182
2568	61	478	1661
2569	42	478	1482
2570	44	478	1859
2571	83	479	1328
2572	78	479	1257
2573	64	479	1616
2574	65	479	1889
2575	48	480	1856
2576	32	480	1332
2577	61	480	1795
2578	12	480	1575
2579	69	480	1252
2580	72	480	1775
2581	76	480	1468
2582	61	480	1758
2583	17	481	1596
2584	52	481	1453
2585	21	481	1025
2586	69	481	1646
2587	51	482	1811
2588	96	482	1445
2589	39	482	1444
2590	27	482	1837
2591	17	482	1400
2592	64	483	1775
2593	53	483	2000
2594	72	484	1213
2595	35	484	1567
2596	20	484	1465
2597	7	485	1658
2598	37	485	1230
2599	7	485	1248
2600	61	485	1838
2601	38	485	1907
2602	45	485	1490
2603	69	485	1639
2604	97	485	1971
2605	83	486	1571
2606	46	486	1582
2607	66	486	1542
2608	10	486	1721
2609	41	486	1692
2610	53	487	1129
2611	31	487	1847
2612	77	487	1826
2613	54	488	1106
2614	25	488	1499
2615	28	488	1571
2616	75	488	1726
2617	73	488	1245
2618	35	489	1416
2619	11	489	1644
2620	34	489	1102
2621	32	489	1303
2622	60	490	1940
2623	25	490	1150
2624	12	491	1093
2625	4	491	1469
2626	76	491	1428
2627	85	491	1080
2628	13	491	1228
2629	59	491	1454
2630	56	491	1544
2631	84	492	1273
2632	8	493	1034
2633	43	494	1537
2634	91	494	1893
2635	67	494	1946
2636	28	494	1370
2637	54	494	1318
2638	38	495	1061
2639	69	495	1213
2640	78	495	1899
2641	41	495	1300
2642	55	495	1752
2643	63	495	1984
2644	94	495	1635
2645	10	496	1467
2646	86	496	1670
2647	37	496	1639
2648	68	496	1680
2649	96	496	1040
2650	78	497	1692
2651	90	497	1639
2652	70	497	1442
2653	91	497	1270
2654	74	497	1693
2655	24	497	1224
2656	66	498	1294
2657	15	498	1627
2658	63	498	1133
2659	62	498	1185
2660	17	499	1177
2661	90	499	1797
2662	34	499	1886
2663	76	499	1978
2664	70	499	1994
2665	76	499	1500
2666	13	500	1923
2667	58	500	1447
2668	88	500	1079
2669	43	500	1135
2670	66	500	1921
2671	6	500	1108
2672	63	500	1447
2673	42	500	1148
2674	26	501	1484
2675	99	501	1712
2676	8	501	1776
2677	30	501	1677
2678	88	501	1144
2679	21	501	1314
2680	88	502	1460
2681	10	502	1182
2682	31	502	1847
2683	13	502	1882
2684	51	503	1759
2685	76	503	1208
2686	6	503	1390
2687	58	503	1363
2688	53	503	1671
2689	94	503	1045
2690	88	503	1859
2691	72	503	1339
2692	100	504	1624
2693	98	504	1794
2694	74	504	1126
2695	7	504	1163
2696	47	504	1276
2697	33	504	1915
2698	11	504	1177
2699	5	504	1034
2700	44	505	1664
2701	20	505	1992
2702	56	506	1408
2703	24	506	1693
2704	32	506	1859
2705	91	506	1269
2706	79	506	1341
2707	54	506	1113
2708	96	506	1993
2709	86	506	1994
2710	90	506	1821
2711	26	507	1241
2712	39	507	1369
2713	98	507	1170
2714	36	507	1595
2715	60	507	1765
2716	97	507	1465
2717	57	508	1750
2718	10	508	1469
2719	43	508	1417
2720	75	508	1873
2721	56	508	1455
2722	97	508	1181
2723	22	508	1491
2724	87	508	1310
2725	98	508	1112
2726	90	509	1882
2727	82	509	1754
2728	95	509	1883
2729	12	509	1926
2730	12	509	1409
2731	28	509	1700
2732	10	509	1048
2733	94	509	1054
2734	55	509	1539
2735	29	509	1077
2736	79	510	1909
2737	74	510	1163
2738	52	510	1018
2739	28	510	1328
2740	52	511	1275
2741	75	511	1944
2742	55	511	1576
2743	41	511	1768
2744	19	511	1492
2745	90	511	1743
2746	2	511	1846
2747	71	511	1067
2748	42	511	1064
2749	51	511	1179
2750	4	512	1918
2751	80	512	1866
2752	13	512	1097
2753	20	512	1544
2754	19	512	1852
2755	9	512	1377
2756	50	512	1443
2757	31	512	1539
2758	48	513	1899
2759	37	513	1536
2760	78	513	1923
2761	26	514	1004
2762	23	514	1680
2763	62	514	1535
2764	3	514	1252
2765	42	514	1087
2766	91	514	1402
2767	26	514	1095
2768	82	514	1322
2769	4	514	1268
2770	86	515	1623
2771	63	516	1207
2772	46	516	1932
2773	71	516	1722
2774	82	516	1634
2775	71	516	1943
2776	24	516	1996
2777	62	516	1321
2778	91	516	1385
2779	53	516	1398
2780	95	517	1224
2781	5	517	1055
2782	94	517	1766
2783	6	517	1905
2784	84	517	1858
2785	22	517	1539
2786	86	517	1153
2787	30	517	1960
2788	61	517	1154
2789	64	518	1300
2790	32	518	1127
2791	84	519	1059
2792	72	519	1526
2793	100	520	1644
2794	80	520	1178
2795	24	520	1209
2796	67	520	1573
2797	25	520	1572
2798	37	521	1436
2799	21	522	1755
2800	63	522	1978
2801	46	522	1026
2802	29	522	1081
2803	43	522	1259
2804	50	522	1653
2805	49	523	1436
2806	78	524	1635
2807	93	524	1303
2808	43	524	1826
2809	87	524	1475
2810	88	524	1387
2811	43	525	1562
2812	59	525	1915
2813	93	525	1843
2814	95	525	1094
2815	51	525	1381
2816	68	525	1942
2817	22	525	1987
2818	32	526	1085
2819	38	526	1609
2820	3	526	1354
2821	78	526	1441
2822	44	526	1587
2823	2	527	1716
2824	31	527	1656
2825	21	528	1035
2826	83	528	1709
2827	16	528	1483
2828	73	528	1931
2829	61	528	1183
2830	52	528	1772
2831	56	528	1842
2832	6	528	1690
2833	46	529	1985
2834	43	529	1143
2835	100	529	1358
2836	44	529	1845
2837	94	529	1583
2838	47	529	1818
2839	16	529	1753
2840	70	529	1288
2841	36	529	1516
2842	66	530	1172
2843	70	531	1564
2844	77	531	1866
2845	35	531	1111
2846	35	531	1370
2847	26	531	1821
2848	27	531	1962
2849	16	532	1213
2850	33	532	1142
2851	65	532	1202
2852	45	532	1494
2853	3	532	1754
2854	52	532	1467
2855	29	532	1824
2856	55	532	1054
2857	82	532	1932
2858	56	533	1634
2859	44	533	1267
2860	28	533	1534
2861	6	533	1949
2862	52	533	1817
2863	65	533	1840
2864	93	534	1938
2865	76	534	1281
2866	50	534	1962
2867	93	535	1822
2868	31	535	1819
2869	6	535	1474
2870	14	535	1104
2871	7	535	1154
2872	41	535	1661
2873	78	535	1892
2874	79	535	1899
2875	61	535	1287
2876	27	535	1470
2877	85	536	1935
2878	25	536	1717
2879	88	537	1885
2880	3	537	1516
2881	73	537	1302
2882	81	537	1416
2883	14	537	1525
2884	85	537	1330
2885	42	537	1722
2886	86	537	1295
2887	32	537	1952
2888	83	537	1059
2889	86	538	1260
2890	57	538	1289
2891	37	538	1155
2892	57	538	1131
2893	99	538	1427
2894	78	538	1767
2895	80	538	1276
2896	99	538	1269
2897	32	539	1615
2898	10	539	1520
2899	45	539	1368
2900	98	539	1427
2901	87	539	1475
2902	65	540	1340
2903	47	540	1004
2904	1	540	1576
2905	10	540	1572
2906	100	540	1820
2907	26	540	1278
2908	99	540	1231
2909	32	540	1770
2910	64	541	1463
2911	60	541	1816
2912	13	541	1807
2913	90	541	1462
2914	33	542	1205
2915	29	542	1031
2916	93	542	1407
2917	95	542	1338
2918	71	542	1384
2919	46	542	1576
2920	62	542	1383
2921	57	543	1266
2922	93	544	1299
2923	15	544	1163
2924	71	544	1609
2925	71	544	1704
2926	58	544	1299
2927	76	544	1471
2928	53	544	1831
2929	32	544	1763
2930	44	544	1453
2931	71	545	1260
2932	57	546	1523
2933	27	546	1363
2934	42	546	1255
2935	23	546	1036
2936	38	546	1695
2937	75	547	1540
2938	29	547	1086
2939	17	547	1967
2940	69	547	1292
2941	26	547	1051
2942	92	547	1401
2943	13	547	1950
2944	100	547	1592
2945	11	547	1480
2946	46	548	1395
2947	82	548	1317
2948	42	548	1887
2949	19	549	1018
2950	93	549	1440
2951	30	549	1072
2952	1	549	1246
2953	79	549	1687
2954	63	549	1540
2955	76	549	1081
2956	15	550	1337
2957	42	551	1994
2958	62	551	1328
2959	53	551	1211
2960	43	551	1146
2961	40	551	1542
2962	77	551	1877
2963	33	552	1571
2964	38	552	1871
2965	84	552	1863
2966	6	552	1383
2967	54	553	1975
2968	27	553	1583
2969	24	553	1733
2970	84	553	1277
2971	79	553	1183
2972	78	553	1506
2973	66	553	1465
2974	95	553	1355
2975	7	554	1270
2976	78	554	1606
2977	36	554	1837
2978	39	554	1265
2979	73	554	1828
2980	41	555	1433
2981	80	555	1675
2982	30	555	1538
2983	29	555	1906
2984	22	555	1243
2985	17	555	1638
2986	26	555	1484
2987	59	555	1813
2988	57	555	1693
2989	82	555	1246
2990	2	556	1975
2991	78	557	1859
2992	58	557	1012
2993	89	557	1685
2994	40	557	1421
2995	68	557	1918
2996	7	558	1698
2997	16	558	1246
2998	21	558	1699
2999	43	558	1052
3000	4	558	1674
3001	41	558	1464
3002	60	558	1757
3003	72	558	1921
3004	26	559	1464
3005	63	559	1716
3006	29	559	1482
3007	54	559	1910
3008	66	559	1386
3009	94	559	1164
3010	91	559	1657
3011	100	559	1212
3012	46	559	1960
3013	72	560	1564
3014	75	560	1320
3015	56	560	1536
3016	43	560	1411
3017	10	560	1832
3018	6	560	1799
3019	62	560	1670
3020	20	560	1323
3021	88	560	1677
3022	20	560	1118
3023	21	561	1122
3024	69	561	1090
3025	46	561	1818
3026	22	561	1134
3027	79	561	1502
3028	56	561	1828
3029	78	561	1688
3030	52	562	1267
3031	18	562	1024
3032	12	562	1547
3033	26	562	1563
3034	51	562	1528
3035	24	562	1129
3036	57	562	1332
3037	9	562	1805
3038	84	562	1626
3039	85	562	1891
3040	32	563	1027
3041	78	563	1829
3042	95	563	1797
3043	83	563	1095
3044	82	563	1012
3045	7	563	1601
3046	77	563	1166
3047	31	563	1079
3048	69	563	1478
3049	98	563	1440
3050	6	564	1466
3051	73	564	1833
3052	97	564	1015
3053	89	564	1999
3054	99	564	1809
3055	36	564	1073
3056	77	564	1476
3057	30	565	1800
3058	82	565	1519
3059	9	565	1646
3060	15	565	1581
3061	94	565	1416
3062	51	565	1856
3063	22	566	1055
3064	48	566	1083
3065	30	566	1577
3066	4	566	1893
3067	49	566	1124
3068	75	567	1400
3069	87	567	1753
3070	51	567	1396
3071	63	567	1851
3072	23	568	1248
3073	8	569	1211
3074	34	569	1358
3075	30	569	1892
3076	64	569	1533
3077	85	569	1783
3078	37	569	1894
3079	20	569	1366
3080	80	569	1685
3081	64	569	1863
3082	73	569	1675
3083	7	570	1547
3084	53	570	1482
3085	18	570	1609
3086	49	570	1675
3087	32	570	1468
3088	56	570	1015
3089	28	571	1568
3090	18	572	1487
3091	47	572	1421
3092	54	572	1248
3093	48	572	1653
3094	51	572	1937
3095	77	572	1331
3096	62	572	1424
3097	43	572	1418
3098	62	573	1708
3099	59	573	1708
3100	17	573	1719
3101	31	574	1958
3102	36	574	1110
3103	43	574	1111
3104	95	575	1073
3105	24	575	1645
3106	52	575	1504
3107	61	576	1385
3108	70	576	1183
3109	98	576	1542
3110	27	576	1143
3111	78	576	1216
3112	49	576	1230
3113	13	576	1240
3114	56	576	1252
3115	35	576	1029
3116	42	577	1034
3117	43	577	1356
3118	16	578	1429
3119	40	578	1765
3120	17	578	1723
3121	13	578	1082
3122	71	578	1409
3123	40	578	1709
3124	35	578	1488
3125	33	579	1837
3126	97	579	1752
3127	53	579	1500
3128	64	579	1543
3129	37	579	1136
3130	23	579	1779
3131	95	579	1531
3132	67	579	1775
3133	90	580	1703
3134	53	581	1748
3135	9	581	1062
3136	20	582	1581
3137	98	582	1645
3138	5	582	1016
3139	91	582	1757
3140	97	582	1577
3141	48	582	1559
3142	29	582	1580
3143	98	582	1896
3144	88	582	1181
3145	72	583	1604
3146	17	583	1346
3147	82	583	1728
3148	46	584	1574
3149	55	584	1334
3150	15	584	1878
3151	60	584	1184
3152	88	584	1947
3153	49	584	1793
3154	37	584	1693
3155	28	585	1228
3156	80	585	1917
3157	93	585	1234
3158	12	585	1002
3159	9	585	1743
3160	9	585	1923
3161	62	585	1095
3162	76	585	1521
3163	94	585	1548
3164	80	586	1104
3165	96	586	1570
3166	97	586	1827
3167	55	586	1665
3168	83	586	1428
3169	41	587	1890
3170	44	587	1713
3171	99	587	1884
3172	37	587	1568
3173	9	588	1834
3174	12	588	1168
3175	56	588	1488
3176	17	588	1288
3177	14	588	1332
3178	36	588	1486
3179	58	589	1787
3180	76	589	1644
3181	40	589	1529
3182	90	589	1580
3183	81	589	1492
3184	95	589	1430
3185	83	589	1457
3186	30	589	1338
3187	22	590	1839
3188	37	590	1531
3189	2	590	1572
3190	93	590	1639
3191	17	590	1179
3192	54	590	1993
3193	69	590	1413
3194	64	591	1732
3195	24	591	1172
3196	62	591	1078
3197	25	591	1856
3198	44	591	1942
3199	88	591	1597
3200	34	591	1811
3201	44	591	1666
3202	98	592	1571
3203	33	592	2000
3204	16	592	1451
3205	69	592	1725
3206	29	592	1291
3207	40	592	1209
3208	13	592	1757
3209	79	592	1564
3210	73	592	1481
3211	67	593	1509
3212	98	593	1717
3213	70	593	1423
3214	82	593	1746
3215	68	593	1253
3216	4	593	1590
3217	31	594	1017
3218	57	594	1838
3219	58	594	1874
3220	68	594	1842
3221	48	594	1330
3222	67	594	1237
3223	1	595	1374
3224	25	595	1161
3225	79	595	1763
3226	43	595	1613
3227	1	595	1853
3228	63	595	1390
3229	12	595	1162
3230	92	595	1841
3231	14	596	1378
3232	72	596	1859
3233	17	596	1632
3234	69	597	1496
3235	12	597	1755
3236	65	597	1266
3237	18	597	1258
3238	47	598	1411
3239	50	598	1759
3240	84	598	1963
3241	88	598	1885
3242	50	598	1981
3243	37	598	1944
3244	64	599	1407
3245	82	599	1391
3246	50	599	1805
3247	53	599	1740
3248	85	599	1125
3249	45	599	1796
3250	47	599	1643
3251	42	600	1047
3252	78	601	1832
3253	95	601	1891
3254	8	601	1124
3255	63	601	1379
3256	6	601	1171
3257	38	601	1482
3258	93	601	1984
3259	61	601	1993
3260	17	601	1338
3261	46	602	1020
3262	70	602	1399
3263	7	603	1317
3264	55	603	1094
3265	66	604	1755
3266	17	604	1231
3267	61	604	1246
3268	15	604	1889
3269	46	605	1358
3270	10	605	1556
3271	7	605	1768
3272	4	605	2000
3273	94	605	1577
3274	38	605	1822
3275	44	605	1548
3276	94	605	1722
3277	53	605	1956
3278	15	605	1556
3279	27	606	1890
3280	60	606	1308
3281	9	606	1230
3282	67	607	1013
3283	7	607	1332
3284	76	607	1524
3285	32	607	1161
3286	27	607	1542
3287	94	607	1623
3288	48	607	1090
3289	44	607	1655
3290	52	608	1380
3291	67	608	1835
3292	26	608	1375
3293	26	608	1078
3294	92	608	1429
3295	25	608	1909
3296	51	608	1652
3297	33	608	1515
3298	74	608	1243
3299	2	608	1185
3300	74	609	1999
3301	70	609	1913
3302	65	610	1097
3303	91	610	1324
3304	90	610	1876
3305	17	610	1719
3306	72	610	1971
3307	10	610	1023
3308	15	610	1453
3309	8	610	1538
3310	37	610	1318
3311	6	611	1020
3312	43	611	1856
3313	13	611	1541
3314	10	611	1882
3315	76	611	1502
3316	50	611	1488
3317	36	611	1447
3318	12	611	1280
3319	78	612	1640
3320	42	612	1950
3321	2	612	1958
3322	33	612	1077
3323	85	612	1398
3324	23	612	1333
3325	64	612	1186
3326	62	612	1419
3327	100	613	1602
3328	46	613	1210
3329	91	613	1505
3330	39	613	1136
3331	54	613	1016
3332	16	613	1271
3333	54	613	1893
3334	38	613	1160
3335	6	613	1678
3336	29	614	1076
3337	24	614	1282
3338	37	614	1190
3339	59	614	1542
3340	97	614	1566
3341	99	614	2000
3342	6	614	1881
3343	49	614	1652
3344	51	614	1312
3345	49	614	1424
3346	38	615	1456
3347	57	615	1305
3348	90	615	1446
3349	61	615	1576
3350	75	615	1595
3351	34	616	1162
3352	84	616	1570
3353	56	616	1415
3354	66	616	1640
3355	41	616	1022
3356	37	617	1397
3357	88	617	1354
3358	19	617	1099
3359	85	617	1448
3360	59	617	1206
3361	72	617	1772
3362	91	617	1782
3363	17	617	1927
3364	45	617	1164
3365	88	618	1205
3366	98	618	1078
3367	34	619	1288
3368	70	619	1347
3369	97	619	1456
3370	99	619	1878
3371	5	619	1394
3372	86	620	1609
3373	37	620	1477
3374	15	620	1566
3375	70	620	1389
3376	54	620	1095
3377	37	621	1807
3378	70	621	1404
3379	23	621	1474
3380	76	621	1285
3381	92	621	1392
3382	53	621	1008
3383	26	621	1305
3384	7	621	1306
3385	69	621	1816
3386	4	621	1050
3387	29	622	1120
3388	86	622	1059
3389	82	622	1390
3390	75	622	1898
3391	36	622	1699
3392	2	622	1813
3393	80	622	1952
3394	25	622	1230
3395	100	622	1245
3396	6	623	1999
3397	74	623	1991
3398	63	624	1799
3399	22	624	1724
3400	84	624	1416
3401	24	624	1724
3402	89	624	1340
3403	29	624	1879
3404	42	624	1421
3405	47	624	1417
3406	100	624	1704
3407	57	625	1480
3408	87	625	1118
3409	78	625	1784
3410	18	625	1647
3411	64	625	1968
3412	27	625	1702
3413	15	625	1612
3414	77	626	1390
3415	51	626	1293
3416	39	626	1157
3417	51	627	1816
3418	97	627	1260
3419	6	627	1591
3420	67	627	1799
3421	91	627	1275
3422	58	628	1547
3423	64	628	1533
3424	86	628	1275
3425	42	628	1384
3426	35	629	1352
3427	53	630	1582
3428	77	630	1873
3429	44	630	1171
3430	6	630	1531
3431	73	630	1379
3432	27	630	1609
3433	99	631	1295
3434	21	631	1174
3435	33	631	1906
3436	74	631	1939
3437	82	631	1888
3438	48	632	1432
3439	18	632	1015
3440	44	633	1456
3441	25	633	1547
3442	79	633	1336
3443	42	633	1056
3444	52	633	1710
3445	52	633	1033
3446	76	634	1221
3447	100	634	1960
3448	46	634	1753
3449	67	635	1386
3450	10	635	1887
3451	96	636	1098
3452	84	636	1217
3453	39	637	1490
3454	69	637	1732
3455	71	637	1651
3456	74	637	1254
3457	3	637	1676
3458	85	638	1159
3459	45	638	1291
3460	81	638	1689
3461	2	638	1657
3462	35	638	1350
3463	59	638	1954
3464	86	638	1240
3465	100	639	1331
3466	72	639	1417
3467	49	639	1774
3468	10	639	1527
3469	88	639	1091
3470	5	640	1958
3471	85	640	1511
3472	93	641	1633
3473	15	641	1716
3474	51	641	1529
3475	18	641	1692
3476	3	641	1307
3477	98	641	1196
3478	8	641	1769
3479	8	641	1925
3480	100	641	1385
3481	10	641	1421
3482	40	642	1251
3483	9	642	1873
3484	2	642	1380
3485	74	643	1344
3486	74	643	1454
3487	45	643	1306
3488	20	643	1449
3489	30	644	1286
3490	43	644	1634
3491	68	644	1568
3492	4	644	1974
3493	88	644	1079
3494	71	644	1385
3495	74	645	1935
3496	62	645	1649
3497	17	645	1466
3498	94	645	1845
3499	27	645	1947
3500	9	645	1829
3501	61	645	1766
3502	74	645	1326
3503	35	645	1470
3504	35	645	1205
3505	22	646	1728
3506	16	646	1080
3507	57	646	1231
3508	25	646	1702
3509	25	646	1173
3510	27	646	1186
3511	99	646	1489
3512	54	646	1006
3513	58	646	1761
3514	9	647	1126
3515	68	647	1343
3516	58	647	1491
3517	27	647	1485
3518	97	647	1648
3519	33	647	1838
3520	93	647	1982
3521	2	647	1492
3522	2	648	1612
3523	54	648	1525
3524	36	649	1148
3525	50	649	1252
3526	77	649	1937
3527	65	649	1307
3528	2	649	1974
3529	67	649	1817
3530	75	649	1959
3531	51	650	1974
3532	69	650	1633
3533	32	650	1519
3534	64	650	1682
3535	3	650	1912
3536	68	650	1902
3537	88	650	1307
3538	15	650	1707
3539	99	650	1232
3540	61	651	1004
3541	50	651	1579
3542	83	651	1794
3543	32	651	1520
3544	27	651	1254
3545	55	651	1500
3546	19	651	1161
3547	38	651	1579
3548	6	651	1459
3549	56	652	1789
3550	39	652	1837
3551	7	652	1058
3552	84	652	1234
3553	92	652	1542
3554	92	652	1267
3555	68	652	1058
3556	77	653	1695
3557	73	653	1209
3558	73	653	1484
3559	2	654	1347
3560	10	654	1616
3561	58	654	1701
3562	76	654	1887
3563	69	654	1807
3564	69	654	1117
3565	72	654	1076
3566	42	654	1924
3567	96	655	1685
3568	4	655	1772
3569	21	655	1580
3570	65	655	1453
3571	30	655	1234
3572	5	655	1677
3573	24	655	1469
3574	19	655	1623
3575	4	655	1005
3576	34	655	1721
3577	69	656	1872
3578	4	656	1038
3579	1	656	1469
3580	49	656	1743
3581	8	657	1283
3582	33	657	1874
3583	54	657	1817
3584	45	657	1718
3585	88	657	1887
3586	30	657	1108
3587	2	658	1282
3588	43	658	1752
3589	45	658	1620
3590	98	658	1499
3591	91	658	1041
3592	60	658	1540
3593	37	658	1839
3594	92	658	1147
3595	38	659	1704
3596	34	659	1614
3597	54	659	1600
3598	48	659	1653
3599	40	659	1075
3600	51	659	1667
3601	63	659	1643
3602	36	659	1396
3603	88	659	1717
3604	36	660	1496
3605	71	660	1366
3606	42	660	1277
3607	52	661	1404
3608	11	661	1441
3609	82	661	1529
3610	26	661	1716
3611	94	661	1461
3612	1	661	1865
3613	33	661	1790
3614	35	661	1688
3615	25	661	1218
3616	16	662	1087
3617	51	662	1711
3618	43	662	1984
3619	57	663	1915
3620	50	663	1007
3621	60	663	1393
3622	2	663	1626
3623	44	663	1054
3624	15	663	1252
3625	45	663	1923
3626	13	663	1084
3627	5	664	1403
3628	44	664	1005
3629	3	664	1416
3630	76	664	1469
3631	11	664	1447
3632	17	664	1848
3633	81	664	1783
3634	75	665	1843
3635	60	665	1957
3636	48	665	1262
3637	23	665	1131
3638	62	665	1057
3639	59	665	1343
3640	97	666	1404
3641	76	666	1637
3642	96	667	1883
3643	8	668	1320
3644	55	668	1018
3645	39	668	1191
3646	45	668	1252
3647	55	668	1697
3648	94	669	1107
3649	72	670	1685
3650	94	670	1965
3651	77	670	1074
3652	81	670	1869
3653	44	670	1629
3654	5	670	1296
3655	53	670	1223
3656	8	670	1738
3657	32	670	1593
3658	44	671	1706
3659	62	671	1436
3660	60	671	1164
3661	42	671	1401
3662	79	671	1783
3663	74	671	1524
3664	49	671	1828
3665	64	672	1760
3666	37	672	1481
3667	53	672	1468
3668	7	672	1344
3669	47	672	1430
3670	3	672	1596
3671	17	672	1726
3672	72	673	1043
3673	24	673	1958
3674	15	673	1269
3675	29	674	1280
3676	13	674	1009
3677	15	674	1919
3678	76	674	1169
3679	56	674	1527
3680	31	674	1319
3681	48	674	1586
3682	82	674	1091
3683	93	674	1384
3684	64	675	1519
3685	27	675	1831
3686	90	676	1845
3687	34	676	1333
3688	86	676	1227
3689	33	676	1354
3690	79	677	1987
3691	93	677	1509
3692	43	677	1767
3693	67	677	1454
3694	12	677	1742
3695	86	677	1343
3696	65	677	1505
3697	57	677	1762
3698	39	677	1131
3699	2	677	1177
3700	18	678	1457
3701	53	678	1155
3702	78	678	1762
3703	77	678	1574
3704	8	678	1467
3705	69	678	1659
3706	99	678	1532
3707	4	678	1156
3708	37	679	1482
3709	56	679	1333
3710	10	679	1737
3711	53	679	1427
3712	24	679	1453
3713	93	679	1140
3714	25	680	1425
3715	44	680	1869
3716	55	680	1722
3717	94	680	1619
3718	73	681	1782
3719	35	681	1321
3720	96	682	1501
3721	92	682	1633
3722	68	682	1015
3723	74	682	1102
3724	71	682	1922
3725	96	682	1528
3726	80	682	1825
3727	78	682	1017
3728	29	683	1531
3729	7	683	1275
3730	36	684	1654
3731	88	684	1452
3732	2	685	1425
3733	89	685	1376
3734	57	685	1476
3735	66	685	1536
3736	79	685	1039
3737	9	685	1722
3738	89	685	1917
3739	49	685	1259
3740	54	685	1474
3741	84	686	1834
3742	13	686	1356
3743	82	686	1156
3744	56	686	1372
3745	48	686	1177
3746	73	686	1058
3747	47	686	1065
3748	68	686	1927
3749	41	686	1026
3750	64	686	1200
3751	15	687	1385
3752	97	687	1656
3753	96	687	1182
3754	20	687	1872
3755	65	687	1825
3756	70	687	1977
3757	89	687	1895
3758	65	688	1905
3759	41	688	1902
3760	30	688	1460
3761	76	688	1173
3762	64	688	1491
3763	8	688	1831
3764	24	688	1279
3765	97	689	1351
3766	89	689	1921
3767	66	689	1979
3768	38	689	1241
3769	24	689	1825
3770	74	689	1313
3771	61	689	1164
3772	31	690	1036
3773	33	690	1174
3774	50	690	1225
3775	74	690	1074
3776	93	690	1781
3777	64	690	1086
3778	68	690	1352
3779	20	690	1127
3780	80	691	1934
3781	42	691	1270
3782	86	691	1535
3783	24	691	1858
3784	65	691	1874
3785	72	691	1157
3786	60	691	1220
3787	33	692	1361
3788	94	692	1350
3789	90	692	1183
3790	61	693	1198
3791	16	693	1914
3792	42	693	1644
3793	100	693	1734
3794	30	693	1355
3795	83	693	1250
3796	14	693	1521
3797	31	694	1582
3798	38	694	1202
3799	9	694	1857
3800	93	694	1074
3801	16	694	1802
3802	37	694	1050
3803	26	695	1695
3804	32	695	1384
3805	44	695	1080
3806	9	695	1288
3807	25	695	1862
3808	36	695	1019
3809	67	695	1431
3810	26	695	1704
3811	64	695	1326
3812	10	695	1960
3813	100	696	1882
3814	37	696	1081
3815	39	697	1211
3816	19	698	1833
3817	15	698	1986
3818	56	698	1154
3819	43	699	1271
3820	80	699	1948
3821	61	700	1543
3822	74	700	1219
3823	30	700	1379
3824	62	700	1202
3825	3	700	1965
3826	68	700	1533
3827	14	700	1096
3828	47	700	1381
3829	82	700	1226
3830	9	700	1146
3831	17	701	1830
3832	9	701	1754
3833	5	701	1029
3834	96	701	1052
3835	75	702	1363
3836	11	702	1209
3837	43	702	1087
3838	5	702	1085
3839	34	702	1942
3840	29	702	1608
3841	85	702	1233
3842	46	703	1587
3843	34	703	1259
3844	24	703	1749
3845	12	704	1374
3846	69	704	1773
3847	52	704	1676
3848	41	704	1800
3849	15	704	1970
3850	72	704	1984
3851	30	704	1810
3852	12	704	1971
3853	89	704	1895
3854	42	705	1131
3855	19	705	1300
3856	31	705	1318
3857	17	706	1551
3858	8	706	1347
3859	49	706	1790
3860	57	706	1296
3861	26	706	1193
3862	2	706	1169
3863	75	706	1815
3864	56	706	1598
3865	98	706	1029
3866	45	706	1665
3867	13	707	1483
3868	51	708	1113
3869	28	709	1054
3870	86	709	1304
3871	73	710	1347
3872	2	710	1853
3873	88	710	1480
3874	55	710	1865
3875	13	710	1227
3876	3	710	1571
3877	77	710	1232
3878	28	710	1439
3879	99	710	1290
3880	65	711	1537
3881	25	711	1458
3882	70	711	1514
3883	96	711	1152
3884	17	711	1063
3885	99	711	1702
3886	55	712	1979
3887	29	712	1454
3888	26	712	1584
3889	67	712	1092
3890	57	712	1651
3891	32	712	1388
3892	38	712	1419
3893	5	713	1164
3894	33	713	1138
3895	63	713	1939
3896	62	713	1865
3897	91	713	1735
3898	37	713	1860
3899	98	713	1452
3900	49	713	1320
3901	63	713	1836
3902	85	714	1619
3903	23	715	1432
3904	13	715	1442
3905	71	715	1189
3906	16	715	1331
3907	59	715	1590
3908	7	715	1658
3909	70	715	1125
3910	61	716	1168
3911	42	717	1648
3912	19	717	1321
3913	43	717	1878
3914	79	718	1220
3915	25	718	1835
3916	89	718	1008
3917	35	718	1147
3918	10	718	1542
3919	47	718	1894
3920	20	718	1274
3921	77	719	1199
3922	2	719	1248
3923	44	719	1126
3924	72	719	1540
3925	75	720	1540
3926	52	720	1687
3927	51	720	1880
3928	69	720	1893
3929	26	720	1907
3930	44	720	1338
3931	89	721	1071
3932	61	721	1163
3933	68	721	1951
3934	18	721	1744
3935	4	721	1823
3936	81	721	1980
3937	19	721	1339
3938	36	721	1987
3939	81	722	1037
3940	82	722	1833
3941	64	722	1946
3942	12	722	1679
3943	4	722	1038
3944	56	722	1941
3945	26	722	1804
3946	83	722	1059
3947	93	723	1374
3948	22	723	1359
3949	68	724	1717
3950	99	724	1843
3951	79	724	1823
3952	72	724	1751
3953	85	724	1460
3954	6	724	1770
3955	41	724	1110
3956	43	725	1878
3957	30	725	1822
3958	60	725	1953
3959	88	725	1485
3960	40	725	1745
3961	17	725	1948
3962	20	725	1644
3963	44	725	1768
3964	28	725	1280
3965	11	725	1833
3966	37	726	1268
3967	36	726	1215
3968	68	726	1837
3969	53	727	1635
3970	16	727	1550
3971	80	727	1312
3972	13	727	1670
3973	8	727	1581
3974	43	728	1326
3975	55	729	1216
3976	48	729	1896
3977	50	729	1957
3978	77	729	1472
3979	1	729	1308
3980	48	729	1056
3981	55	729	1032
3982	67	730	1728
3983	16	730	1470
3984	100	730	1028
3985	82	730	1934
3986	19	730	1902
3987	73	730	1516
3988	15	730	1327
3989	97	730	1419
3990	46	730	1476
3991	8	731	1018
3992	6	731	1168
3993	71	731	1283
3994	87	731	1730
3995	4	731	1194
3996	53	731	1371
3997	32	731	1899
3998	74	731	1151
3999	27	731	1069
4000	4	732	1535
4001	13	732	1389
4002	9	732	1721
4003	63	732	1936
4004	92	732	1249
4005	63	732	1223
4006	67	732	1590
4007	52	732	1808
4008	2	732	1831
4009	23	732	1445
4010	19	733	1291
4011	20	733	1918
4012	84	734	1431
4013	55	734	1829
4014	41	735	1104
4015	40	735	1628
4016	71	735	1329
4017	14	735	1262
4018	97	735	1338
4019	20	735	1649
4020	24	735	1785
4021	46	735	1787
4022	81	735	1042
4023	92	736	1350
4024	93	736	1523
4025	8	736	1158
4026	30	736	1304
4027	32	736	1898
4028	46	736	1251
4029	100	736	1997
4030	23	736	1147
4031	63	736	1235
4032	65	737	1136
4033	76	737	1504
4034	82	738	1186
4035	27	738	1041
4036	55	738	1691
4037	39	738	1128
4038	85	739	1145
4039	98	739	1178
4040	33	740	1757
4041	34	740	1316
4042	48	740	1005
4043	62	740	1531
4044	9	740	1584
4045	19	740	1583
4046	80	741	1939
4047	21	741	1147
4048	28	741	1317
4049	4	741	1659
4050	69	741	1432
4051	24	742	1562
4052	63	742	1159
4053	46	742	1787
4054	71	743	1202
4055	74	743	1891
4056	15	743	1870
4057	92	743	1491
4058	80	744	1133
4059	90	744	1677
4060	78	744	1088
4061	41	744	1140
4062	35	745	1507
4063	82	745	1259
4064	5	745	1105
4065	2	745	1204
4066	11	745	1764
4067	52	746	1667
4068	31	747	1676
4069	81	747	1911
4070	87	747	1295
4071	13	747	1485
4072	30	747	1977
4073	55	747	1091
4074	46	747	1824
4075	71	748	1202
4076	38	748	1315
4077	38	748	1592
4078	98	748	1888
4079	17	749	1014
4080	58	749	1230
4081	39	749	1374
4082	38	749	1375
4083	28	749	1261
4084	3	749	1381
4085	70	750	1949
4086	27	750	1839
4087	95	750	1703
4088	71	750	1931
4089	40	750	1935
4090	10	750	1938
4091	46	751	1534
4092	30	751	1471
4093	5	751	1985
4094	80	751	1285
4095	32	752	1557
4096	25	752	1958
4097	52	752	1211
4098	27	752	1207
4099	90	752	1338
4100	38	752	1004
4101	97	752	1940
4102	20	753	1500
4103	83	753	1772
4104	62	753	1312
4105	22	753	1580
4106	52	753	1032
4107	79	753	1555
4108	23	753	1203
4109	96	753	1300
4110	53	754	1579
4111	53	754	1794
4112	22	755	1958
4113	80	755	1814
4114	73	756	1622
4115	13	757	1218
4116	5	757	1038
4117	96	757	1995
4118	36	757	1624
4119	83	757	1818
4120	34	757	1948
4121	53	757	1164
4122	99	757	1789
4123	57	758	1626
4124	4	758	1201
4125	88	759	1556
4126	16	760	1590
4127	1	760	1440
4128	1	760	1810
4129	55	760	1010
4130	96	761	1825
4131	87	761	1497
4132	51	761	1309
4133	45	761	1854
4134	79	761	1618
4135	62	761	1054
4136	56	761	1055
4137	43	761	1563
4138	28	761	1903
4139	41	762	1101
4140	14	762	1314
4141	95	762	1176
4142	16	762	1351
4143	16	762	1412
4144	7	762	1633
4145	35	762	1867
4146	68	762	1025
4147	24	763	1981
4148	87	763	1567
4149	51	763	1645
4150	26	763	1429
4151	3	763	1818
4152	79	763	1197
4153	89	763	1681
4154	64	763	1539
4155	93	764	1842
4156	22	764	1663
4157	29	764	1664
4158	52	764	1347
4159	88	764	1942
4160	13	764	1520
4161	10	764	1499
4162	100	764	1391
4163	99	764	1242
4164	68	765	1165
4165	60	765	1571
4166	39	765	1528
4167	74	765	1697
4168	83	766	1736
4169	68	766	1940
4170	61	766	1608
4171	16	766	1945
4172	99	766	1219
4173	79	766	1095
4174	38	767	1561
4175	49	767	1274
4176	56	767	1671
4177	67	767	1004
4178	8	767	1521
4179	99	768	1887
4180	30	768	1485
4181	88	768	1481
4182	89	768	1741
4183	3	768	1707
4184	100	768	1196
4185	74	768	1686
4186	80	768	1031
4187	58	769	1767
4188	88	769	1250
4189	4	769	1916
4190	47	769	1055
4191	3	769	1174
4192	29	770	1523
4193	30	770	1113
4194	75	770	1609
4195	45	770	1900
4196	75	770	1776
4197	80	770	1980
4198	29	770	1542
4199	61	771	1475
4200	27	771	1681
4201	69	772	1255
4202	7	773	1121
4203	89	773	1243
4204	1	773	1976
4205	6	773	1289
4206	6	773	1336
4207	72	773	1170
4208	48	774	1151
4209	24	774	1668
4210	5	775	1880
4211	48	775	1433
4212	98	775	1732
4213	16	775	1049
4214	79	775	1745
4215	69	775	1222
4216	92	776	1246
4217	48	776	1183
4218	6	777	1392
4219	29	777	1430
4220	71	777	1470
4221	26	777	1645
4222	24	777	1072
4223	65	777	1387
4224	9	777	1797
4225	15	777	1381
4226	54	777	1587
4227	17	777	1006
4228	41	778	1581
4229	96	778	1077
4230	59	778	1997
4231	76	778	1307
4232	35	778	1790
4233	5	778	1139
4234	59	778	1304
4235	31	778	1800
4236	45	778	1383
4237	53	778	1165
4238	1	779	1480
4239	60	779	1426
4240	71	779	1431
4241	45	780	1739
4242	6	780	1240
4243	96	780	1164
4244	92	780	1397
4245	10	780	1393
4246	80	780	1772
4247	54	781	1164
4248	18	781	1494
4249	1	781	1126
4250	82	781	1366
4251	3	781	1194
4252	49	781	1457
4253	81	781	1591
4254	4	781	1532
4255	68	781	1447
4256	41	782	1324
4257	97	782	1583
4258	11	782	1990
4259	20	782	1423
4260	37	782	1549
4261	100	782	1097
4262	6	783	1079
4263	97	783	1552
4264	35	783	1231
4265	71	784	1413
4266	12	784	1327
4267	42	784	1093
4268	72	784	1065
4269	69	784	1022
4270	24	784	1920
4271	100	784	1975
4272	30	784	1535
4273	80	785	1282
4274	100	785	1992
4275	7	785	1107
4276	76	786	1857
4277	8	786	1114
4278	50	786	1166
4279	20	787	1698
4280	91	787	1880
4281	8	787	1151
4282	94	787	1754
4283	18	787	1188
4284	93	787	1599
4285	92	788	1635
4286	96	788	1125
4287	79	788	1234
4288	77	788	1022
4289	52	788	1507
4290	10	788	1127
4291	67	788	1725
4292	57	788	1581
4293	49	788	1774
4294	6	788	1321
4295	77	789	1101
4296	49	790	1991
4297	52	790	1077
4298	54	790	1582
4299	90	790	1115
4300	4	790	1086
4301	81	790	1935
4302	1	791	1300
4303	91	791	1017
4304	95	791	1595
4305	49	791	1298
4306	14	792	1071
4307	49	792	1894
4308	51	792	1003
4309	23	792	1517
4310	50	792	1595
4311	76	792	1196
4312	12	792	1150
4313	50	792	1723
4314	50	792	1647
4315	63	792	1567
4316	69	793	1894
4317	63	793	1359
4318	77	793	1957
4319	34	793	1778
4320	24	793	1426
4321	10	793	1494
4322	24	794	1592
4323	4	794	1816
4324	51	794	1108
4325	3	794	1026
4326	84	794	1807
4327	4	794	1805
4328	85	795	1404
4329	74	795	1327
4330	33	795	1121
4331	94	796	1063
4332	7	796	1797
4333	59	796	1592
4334	86	796	1944
4335	24	796	1664
4336	52	796	1917
4337	39	796	1830
4338	22	796	1935
4339	84	797	1153
4340	9	798	1684
4341	34	798	1448
4342	75	798	1466
4343	36	798	1055
4344	90	798	1257
4345	72	798	1825
4346	95	799	1102
4347	67	799	1905
4348	86	799	1263
4349	9	800	1572
4350	58	800	1077
4351	79	800	1414
4352	80	800	1215
4353	11	800	1994
4354	79	800	1793
4355	45	801	1201
4356	36	801	1236
4357	17	801	1319
4358	98	801	1824
4359	40	801	1408
4360	48	801	1833
4361	84	802	1990
4362	49	803	1015
4363	85	803	1179
4364	50	803	1655
4365	64	803	1847
4366	3	803	1561
4367	74	804	1556
4368	100	804	1199
4369	67	804	1483
4370	98	804	1540
4371	22	804	1481
4372	74	804	1760
4373	86	804	1989
4374	78	804	1500
4375	74	805	1839
4376	84	805	1578
4377	82	805	1843
4378	98	805	1496
4379	78	806	1403
4380	1	807	1803
4381	99	807	1998
4382	80	807	1423
4383	65	808	1147
4384	51	808	1543
4385	97	808	1013
4386	75	808	1513
4387	66	808	1864
4388	23	808	1816
4389	83	808	1212
4390	39	808	1395
4391	83	808	1643
4392	10	809	1883
4393	95	809	1624
4394	68	809	1350
4395	83	809	1308
4396	38	809	1130
4397	46	809	1540
4398	81	809	1304
4399	38	810	1567
4400	63	810	1196
4401	97	810	1816
4402	28	810	1860
4403	91	810	1469
4404	43	810	1083
4405	54	810	1779
4406	12	810	1198
4407	2	810	1476
4408	18	810	1542
4409	10	811	1040
4410	24	811	1401
4411	30	811	1963
4412	28	811	1238
4413	23	811	1322
4414	77	811	1839
4415	87	811	1625
4416	50	812	1877
4417	67	812	1825
4418	69	812	1169
4419	35	812	1106
4420	80	812	1546
4421	3	812	1696
4422	20	812	1385
4423	54	813	1989
4424	77	813	1759
4425	80	813	1847
4426	7	813	1468
4427	71	813	1415
4428	48	813	1077
4429	25	813	1020
4430	10	813	1820
4431	10	814	1432
4432	78	815	1324
4433	77	815	1319
4434	68	815	1583
4435	83	815	1097
4436	7	815	1582
4437	28	815	1828
4438	83	815	1153
4439	89	815	1613
4440	29	815	1041
4441	100	816	1445
4442	89	816	1288
4443	38	816	1196
4444	9	816	1011
4445	21	816	1345
4446	74	816	1638
4447	39	816	1845
4448	19	816	1902
4449	28	816	1554
4450	25	816	1412
4451	33	817	1109
4452	85	817	1220
4453	60	817	1154
4454	60	817	1946
4455	23	817	1374
4456	20	818	1778
4457	43	818	1002
4458	41	818	1244
4459	85	818	1354
4460	94	818	1300
4461	60	818	1048
4462	33	818	1667
4463	19	819	1611
4464	28	819	1669
4465	25	819	1328
4466	8	819	1903
4467	76	819	1315
4468	37	819	1597
4469	28	819	1148
4470	1	819	1701
4471	65	819	1317
4472	29	819	1453
4473	18	820	1652
4474	48	820	1481
4475	52	820	1499
4476	26	820	1059
4477	9	820	1893
4478	65	820	1040
4479	65	820	1242
4480	24	820	1547
4481	91	820	1491
4482	36	820	1118
4483	46	821	1473
4484	36	822	1020
4485	21	822	1215
4486	99	822	1171
4487	34	822	1169
4488	62	822	1499
4489	93	823	1694
4490	25	823	1155
4491	91	823	1582
4492	91	823	1120
4493	36	823	1095
4494	54	823	1770
4495	65	823	1554
4496	44	824	1136
4497	57	824	1623
4498	73	824	1186
4499	93	825	1388
4500	40	825	1674
4501	42	825	1675
4502	49	825	1733
4503	13	825	1690
4504	66	825	1036
4505	86	826	1815
4506	29	826	1133
4507	33	826	1449
4508	89	826	1226
4509	5	826	1697
4510	63	826	1869
4511	17	827	1795
4512	91	827	1168
4513	41	827	1638
4514	24	827	1149
4515	39	828	1509
4516	2	828	1972
4517	14	828	1827
4518	18	828	1425
4519	11	829	1484
4520	72	830	1460
4521	90	830	1368
4522	78	830	1492
4523	80	830	1238
4524	35	830	1764
4525	60	830	1687
4526	46	830	1362
4527	57	830	1159
4528	69	830	1046
4529	79	831	1896
4530	83	831	1281
4531	82	831	1959
4532	11	831	1954
4533	11	831	1587
4534	9	832	1263
4535	4	832	1549
4536	87	833	1055
4537	18	833	1043
4538	13	833	1728
4539	80	833	1457
4540	54	833	1896
4541	91	833	1493
4542	89	833	1017
4543	41	833	1368
4544	6	833	1657
4545	9	833	1732
4546	14	834	1364
4547	14	834	1276
4548	74	835	1021
4549	98	835	1747
4550	54	835	1439
4551	65	835	1432
4552	66	835	1988
4553	69	835	1233
4554	54	835	1296
4555	21	835	1990
4556	91	835	1352
4557	5	836	1008
4558	93	836	1087
4559	69	836	1769
4560	25	836	1032
4561	22	836	1124
4562	2	836	1555
4563	5	836	1639
4564	80	836	1273
4565	35	837	1643
4566	56	837	1494
4567	10	837	1336
4568	71	837	1608
4569	46	837	1965
4570	20	838	1806
4571	68	838	1462
4572	63	838	1997
4573	93	838	1390
4574	85	838	1230
4575	16	838	1216
4576	38	838	1575
4577	23	838	1029
4578	100	839	1643
4579	53	839	1160
4580	72	839	1443
4581	68	839	1440
4582	52	839	1927
4583	70	839	1080
4584	20	839	1694
4585	37	839	1847
4586	36	839	1877
4587	12	839	1481
4588	18	840	1171
4589	48	841	1815
4590	20	841	1830
4591	57	842	1705
4592	60	842	1693
4593	71	842	1930
4594	36	842	1826
4595	48	842	1908
4596	74	842	1338
4597	97	843	1260
4598	1	843	1048
4599	43	843	1629
4600	59	844	1596
4601	42	845	1407
4602	48	845	1614
4603	54	845	1192
4604	11	846	1939
4605	52	846	1493
4606	86	846	1081
4607	72	846	1085
4608	96	846	1381
4609	59	846	1658
4610	17	846	1180
4611	75	847	1903
4612	80	848	1690
4613	95	848	1078
4614	87	848	1677
4615	73	848	1763
4616	70	848	1807
4617	2	849	1794
4618	60	849	1071
4619	75	849	1106
4620	32	849	1977
4621	97	849	1845
4622	33	849	1573
4623	19	849	1877
4624	82	850	1101
4625	99	850	1489
4626	15	850	1496
4627	81	850	1323
4628	63	850	1658
4629	66	850	1323
4630	85	850	1710
4631	58	850	1537
4632	15	850	1565
4633	4	850	1715
4634	11	851	1391
4635	41	851	1244
4636	76	851	1918
4637	56	851	1789
4638	99	851	1730
4639	53	851	1937
4640	36	851	1555
4641	100	851	1545
4642	35	852	1708
4643	74	852	1977
4644	13	852	1881
4645	73	852	1787
4646	47	853	1565
4647	3	853	1018
4648	71	853	1495
4649	73	853	1856
4650	23	853	1558
4651	20	853	1671
4652	77	853	1253
4653	54	853	1914
4654	38	853	1005
4655	91	853	1484
4656	36	854	1375
4657	18	854	1963
4658	62	854	1697
4659	32	854	1541
4660	36	855	1412
4661	58	855	1108
4662	9	855	1592
4663	31	855	1879
4664	12	855	1811
4665	15	856	1616
4666	36	856	1568
4667	65	857	1990
4668	43	857	1889
4669	31	857	1890
4670	31	857	1404
4671	65	858	1019
4672	98	858	1504
4673	8	858	1918
4674	75	858	1798
4675	48	858	1477
4676	46	858	1272
4677	53	859	1770
4678	100	859	1748
4679	31	859	1394
4680	76	859	1313
4681	2	859	1631
4682	17	860	1345
4683	91	860	1983
4684	98	860	1595
4685	82	860	1162
4686	57	860	1856
4687	12	860	1570
4688	98	860	1596
4689	96	860	1175
4690	24	860	1547
4691	27	861	1814
4692	91	861	1826
4693	85	861	1539
4694	99	861	1657
4695	52	861	1749
4696	28	861	1107
4697	87	861	1928
4698	19	862	1634
4699	60	862	1516
4700	64	862	1170
4701	99	862	1521
4702	23	863	1809
4703	10	863	1710
4704	1	864	1985
4705	46	864	1790
4706	35	865	1594
4707	96	865	1410
4708	23	865	1269
4709	55	865	1183
4710	49	865	1438
4711	13	865	1012
4712	17	866	1759
4713	26	866	1613
4714	7	867	1436
4715	81	868	1550
4716	84	868	1786
4717	55	869	1226
4718	44	869	1188
4719	34	869	1925
4720	5	869	1062
4721	53	869	1453
4722	16	870	1611
4723	14	870	1231
4724	74	870	1923
4725	42	870	1900
4726	19	870	1154
4727	77	870	1748
4728	47	870	1649
4729	22	870	1838
4730	19	870	1140
4731	12	870	1672
4732	23	871	1921
4733	62	872	1383
4734	60	872	1087
4735	65	872	1135
4736	58	872	1570
4737	7	873	1083
4738	32	873	1190
4739	16	874	1898
4740	52	874	1304
4741	65	874	1903
4742	49	875	1892
4743	98	875	1207
4744	5	875	1999
4745	1	875	1186
4746	55	875	1615
4747	2	875	1700
4748	90	875	1065
4749	80	875	1455
4750	11	875	1764
4751	32	876	1118
4752	52	876	1428
4753	57	876	1204
4754	54	876	1470
4755	31	876	1710
4756	64	876	1566
4757	58	876	1912
4758	10	876	1499
4759	41	877	1321
4760	9	877	1403
4761	65	877	1319
4762	56	877	1442
4763	23	877	1544
4764	95	877	1086
4765	81	877	1853
4766	57	878	1218
4767	50	878	1479
4768	39	878	1190
4769	7	878	1304
4770	74	879	1309
4771	79	879	1938
4772	11	879	1057
4773	35	879	1768
4774	95	879	1673
4775	21	880	1485
4776	58	880	1892
4777	23	880	1656
4778	64	880	1151
4779	30	880	1546
4780	86	880	1976
4781	80	881	1973
4782	84	881	1768
4783	96	881	1263
4784	96	881	1790
4785	15	881	1294
4786	19	881	1076
4787	60	881	1057
4788	64	881	1440
4789	39	882	1973
4790	62	883	1535
4791	77	883	1031
4792	12	883	1348
4793	33	883	1853
4794	66	884	1604
4795	30	884	1121
4796	44	884	1400
4797	79	885	1883
4798	27	885	1411
4799	71	885	1225
4800	72	885	1553
4801	31	886	1817
4802	6	886	1719
4803	13	886	1062
4804	86	886	1217
4805	73	886	1121
4806	98	886	1677
4807	32	886	1433
4808	91	886	1213
4809	46	886	1047
4810	18	887	1269
4811	59	887	1907
4812	58	887	1169
4813	56	887	1975
4814	6	887	1960
4815	3	887	1676
4816	73	888	1755
4817	35	889	1579
4818	51	889	1781
4819	39	889	1630
4820	9	889	1936
4821	2	889	1409
4822	62	889	1493
4823	5	889	1670
4824	59	889	1301
4825	91	889	1512
4826	53	890	1237
4827	47	891	1853
4828	37	891	1290
4829	7	892	1820
4830	12	892	1301
4831	57	892	1145
4832	57	892	1289
4833	14	893	1434
4834	38	893	1281
4835	32	893	1906
4836	36	893	1275
4837	7	894	1230
4838	15	894	1810
4839	22	894	1320
4840	72	894	1222
4841	90	894	1721
4842	11	894	1301
4843	67	894	1349
4844	20	894	1825
4845	31	894	1139
4846	70	895	1055
4847	52	895	1670
4848	62	895	1023
4849	17	895	1508
4850	6	895	1511
4851	61	895	1868
4852	44	895	1596
4853	26	895	1784
4854	82	895	1868
4855	99	895	1239
4856	55	896	1378
4857	31	896	1786
4858	31	896	1642
4859	40	896	1884
4860	41	896	1582
4861	23	896	1513
4862	57	896	1702
4863	77	896	1513
4864	79	897	1750
4865	54	897	1916
4866	39	897	1764
4867	87	897	1892
4868	40	897	1044
4869	68	897	1928
4870	34	897	1219
4871	96	897	1970
4872	28	897	1951
4873	88	898	1074
4874	90	898	1172
4875	82	898	1174
4876	9	898	1407
4877	4	898	1716
4878	79	898	1657
4879	56	898	1202
4880	93	899	1063
4881	60	899	1504
4882	98	899	1097
4883	75	899	1184
4884	11	899	1164
4885	30	899	1689
4886	81	900	1985
4887	99	900	1569
4888	27	900	1821
4889	64	900	1600
4890	54	900	1485
4891	23	901	1711
4892	21	901	1277
4893	44	901	1247
4894	25	901	1527
4895	37	901	1444
4896	16	901	1278
4897	13	901	1622
4898	28	902	1050
4899	32	903	1405
4900	97	903	1709
4901	37	903	1510
4902	9	903	1426
4903	10	903	1394
4904	2	903	1822
4905	95	903	1673
4906	15	903	1117
4907	10	904	1874
4908	87	904	1929
4909	49	904	1652
4910	90	904	1582
4911	28	904	1254
4912	18	904	1739
4913	33	904	1398
4914	21	904	1888
4915	83	905	1052
4916	94	905	1708
4917	76	905	1577
4918	13	905	1407
4919	99	905	1668
4920	99	906	1540
4921	65	906	1365
4922	24	906	1269
4923	75	906	1022
4924	29	906	1803
4925	75	906	1584
4926	17	906	1323
4927	21	907	1095
4928	33	907	1256
4929	52	907	1254
4930	54	907	1340
4931	61	907	1640
4932	28	908	1634
4933	2	908	1039
4934	94	908	1124
4935	97	908	1540
4936	73	908	1801
4937	64	908	1964
4938	36	909	1890
4939	37	909	1273
4940	63	909	1208
4941	4	909	1146
4942	82	909	1530
4943	54	909	1675
4944	71	909	1860
4945	56	909	1761
4946	21	909	1839
4947	39	909	1599
4948	43	910	1040
4949	47	910	1056
4950	9	910	1307
4951	52	910	1200
4952	84	910	1460
4953	13	911	1004
4954	61	911	1671
4955	82	912	1534
4956	17	912	1520
4957	55	912	1081
4958	63	913	1827
4959	97	913	1209
4960	89	913	1761
4961	32	913	1490
4962	96	913	1470
4963	9	914	1531
4964	90	914	1209
4965	48	914	1794
4966	19	914	1949
4967	86	914	1340
4968	68	914	1500
4969	28	914	1767
4970	55	914	1349
4971	60	914	1247
4972	95	914	1136
4973	28	915	1064
4974	74	915	1537
4975	58	915	1491
4976	25	915	1235
4977	97	915	1730
4978	26	915	1953
4979	66	916	1792
4980	24	916	1505
4981	37	916	1659
4982	14	916	1245
4983	15	916	1466
4984	80	916	1967
4985	35	916	1513
4986	25	916	1072
4987	42	916	1492
4988	48	917	1367
4989	52	917	1488
4990	100	917	1145
4991	82	917	1752
4992	45	917	1219
4993	87	917	1692
4994	97	917	1023
4995	12	917	1966
4996	81	917	1489
4997	30	917	1060
4998	60	918	1640
4999	10	918	1318
5000	82	918	1992
5001	98	919	1280
5002	13	919	1033
5003	35	919	1948
5004	24	919	1259
5005	38	919	1494
5006	65	919	1323
5007	4	919	1404
5008	85	919	1275
5009	6	919	1455
5010	53	920	1117
5011	32	920	1799
5012	86	920	1298
5013	26	920	1656
5014	46	920	1467
5015	38	920	1630
5016	46	920	1242
5017	36	920	1876
5018	12	920	1176
5019	81	920	1740
5020	93	921	1133
5021	92	922	1804
5022	14	922	1340
5023	20	922	1588
5024	88	922	1542
5025	34	923	1636
5026	87	923	1950
5027	7	923	1823
5028	1	923	1670
5029	54	923	1143
5030	22	923	1900
5031	44	923	1992
5032	89	923	1874
5033	10	923	1147
5034	56	923	1707
5035	5	924	1958
5036	72	924	1865
5037	33	924	1125
5038	22	925	1441
5039	73	925	1270
5040	60	925	1228
5041	7	925	1726
5042	17	925	1101
5043	91	925	1489
5044	100	925	1604
5045	5	925	1627
5046	99	925	1765
5047	2	926	1285
5048	70	926	1536
5049	7	926	1197
5050	25	926	1795
5051	47	926	1101
5052	92	926	1453
5053	79	926	1877
5054	62	926	1281
5055	75	926	1425
5056	64	927	1120
5057	20	928	1993
5058	6	928	1689
5059	23	928	1816
5060	4	928	1338
5061	22	928	1996
5062	40	928	1336
5063	97	928	1794
5064	61	928	1277
5065	55	929	1226
5066	48	929	1844
5067	26	929	1035
5068	70	929	1769
5069	63	930	1265
5070	40	930	1375
5071	68	930	1314
5072	77	930	1399
5073	40	930	1074
5074	61	931	1604
5075	58	931	1173
5076	56	931	1330
5077	11	931	1881
5078	86	931	1040
5079	83	931	1575
5080	57	931	1474
5081	10	931	1412
5082	5	931	1772
5083	63	931	1764
5084	10	932	1169
5085	2	932	1107
5086	77	933	1409
5087	38	933	1535
5088	50	933	1073
5089	24	933	1419
5090	87	933	1658
5091	96	933	1130
5092	100	933	1598
5093	43	933	1278
5094	71	933	1378
5095	73	934	1127
5096	68	934	1878
5097	65	934	1706
5098	73	934	1868
5099	70	934	1790
5100	28	935	1514
5101	97	935	1596
5102	82	935	1487
5103	61	935	1526
5104	9	935	1700
5105	20	935	1713
5106	19	935	1499
5107	58	935	1221
5108	34	935	1765
5109	15	936	1450
5110	93	936	1812
5111	21	936	1035
5112	42	936	1299
5113	9	936	1175
5114	43	936	1323
5115	13	937	1386
5116	23	937	1546
5117	71	937	1953
5118	36	937	1707
5119	97	937	1204
5120	53	937	1963
5121	21	937	1544
5122	40	937	1530
5123	18	937	1277
5124	58	937	1403
5125	76	938	1258
5126	1	938	1526
5127	61	938	1760
5128	72	938	1798
5129	91	938	1548
5130	12	938	1916
5131	18	938	1184
5132	96	938	1722
5133	65	938	1282
5134	73	938	1983
5135	51	939	1257
5136	1	939	1233
5137	5	939	1645
5138	81	939	1542
5139	30	940	1361
5140	70	940	1987
5141	65	940	1279
5142	87	940	1311
5143	63	940	1007
5144	7	940	1133
5145	56	941	1717
5146	64	941	1041
5147	99	941	1563
5148	57	941	1331
5149	76	941	1861
5150	20	941	1228
5151	86	941	1380
5152	46	941	1138
5153	85	942	1966
5154	63	942	1835
5155	37	942	1187
5156	42	942	1604
5157	71	943	1364
5158	22	944	1750
5159	18	944	1368
5160	29	944	1378
5161	44	944	1079
5162	33	944	1525
5163	74	944	1522
5164	17	944	1567
5165	67	944	1663
5166	81	944	1507
5167	53	944	1034
5168	22	945	1926
5169	10	945	1742
5170	12	945	1211
5171	89	945	1063
5172	36	945	1283
5173	5	945	1935
5174	71	945	1367
5175	68	946	1816
5176	66	946	1344
5177	2	946	1838
5178	75	946	1991
5179	36	946	1452
5180	14	946	1169
5181	12	946	1532
5182	46	946	1950
5183	50	946	1644
5184	57	947	1831
5185	16	947	1393
5186	1	947	1960
5187	56	947	1021
5188	99	947	1065
5189	46	947	1438
5190	43	947	1359
5191	73	947	1665
5192	64	947	1081
5193	52	947	1161
5194	84	948	1374
5195	79	949	1735
5196	30	949	1221
5197	6	950	1420
5198	11	950	1384
5199	37	951	1157
5200	83	951	1427
5201	11	951	1127
5202	16	951	1300
5203	60	951	1892
5204	43	951	1301
5205	6	951	1445
5206	53	952	1023
5207	14	952	1994
5208	44	953	1934
5209	62	953	1921
5210	39	953	1179
5211	27	953	1281
5212	47	953	1453
5213	67	953	1550
5214	98	953	1735
5215	37	953	1239
5216	60	953	1976
5217	54	954	1976
5218	33	955	1197
5219	88	956	1066
5220	22	956	1429
5221	37	957	1212
5222	29	957	1041
5223	45	957	1903
5224	97	957	1378
5225	25	957	1680
5226	30	957	1518
5227	53	957	1017
5228	36	957	1819
5229	11	958	1227
5230	4	958	1424
5231	7	958	1623
5232	28	958	1547
5233	42	958	1584
5234	50	958	1958
5235	94	958	1027
5236	90	959	1656
5237	77	959	1838
5238	81	959	1060
5239	96	959	1056
5240	7	959	1263
5241	3	959	1003
5242	1	959	1277
5243	11	959	1330
5244	47	959	1325
5245	40	959	1748
5246	64	960	1444
5247	67	960	1166
5248	4	960	1220
5249	69	960	1652
5250	22	960	1546
5251	17	960	1471
5252	18	960	1849
5253	40	960	1216
5254	64	960	1048
5255	66	960	1177
5256	47	961	1290
5257	88	961	1763
5258	22	961	1003
5259	100	961	1437
5260	34	961	1881
5261	61	962	1554
5262	45	962	1230
5263	68	962	1481
5264	31	963	1157
5265	67	963	1656
5266	25	964	1159
5267	67	964	1586
5268	63	964	1692
5269	28	964	1881
5270	87	964	1152
5271	87	964	1334
5272	67	965	1865
5273	17	966	1309
5274	88	966	1706
5275	75	966	1377
5276	50	967	1408
5277	16	967	1051
5278	94	967	1953
5279	50	967	1995
5280	51	967	1576
5281	94	967	1652
5282	41	967	1943
5283	31	967	1581
5284	72	967	1352
5285	29	967	1528
5286	6	968	1688
5287	21	968	1068
5288	67	968	1698
5289	59	968	1356
5290	30	968	1010
5291	76	968	1606
5292	24	968	1835
5293	90	968	1575
5294	36	969	1775
5295	63	969	1143
5296	81	969	1207
5297	76	969	1358
5298	65	969	1544
5299	2	970	1377
5300	80	970	1778
5301	54	970	1589
5302	95	970	1056
5303	61	970	1982
5304	3	970	1634
5305	80	970	1982
5306	100	970	1262
5307	69	970	1767
5308	24	970	1745
5309	97	971	1558
5310	16	971	1322
5311	63	971	1793
5312	54	971	1086
5313	30	971	1635
5314	91	972	1425
5315	19	972	1444
5316	63	973	1145
5317	21	974	1640
5318	38	974	1028
5319	36	974	1861
5320	57	974	1338
5321	52	974	1446
5322	98	974	1611
5323	66	974	1665
5324	23	975	1129
5325	89	976	1529
5326	43	976	1211
5327	2	977	1110
5328	13	977	1595
5329	20	977	1643
5330	60	977	1864
5331	18	977	1765
5332	13	977	1654
5333	29	977	1068
5334	26	977	1579
5335	39	977	1709
5336	21	978	1560
5337	53	978	1718
5338	22	978	1217
5339	20	978	1686
5340	21	978	1480
5341	83	978	1856
5342	71	978	1181
5343	31	979	1469
5344	31	980	1545
5345	8	980	1511
5346	7	980	1210
5347	2	981	1442
5348	83	981	1629
5349	40	981	1801
5350	79	981	1451
5351	90	981	1127
5352	52	981	1984
5353	4	981	1831
5354	4	981	1515
5355	57	981	1137
5356	89	981	1310
5357	34	982	1357
5358	47	982	1483
5359	19	982	1299
5360	80	982	1307
5361	80	982	1077
5362	22	982	1160
5363	79	983	1009
5364	89	983	1481
5365	23	983	1767
5366	5	983	1123
5367	64	983	1552
5368	43	983	1293
5369	34	983	1894
5370	54	984	1832
5371	27	984	1739
5372	56	984	1459
5373	10	984	1987
5374	61	984	1505
5375	91	984	1513
5376	9	985	1881
5377	45	985	1823
5378	27	985	1205
5379	78	985	1455
5380	37	985	1638
5381	16	986	1050
5382	53	987	1806
5383	40	987	1850
5384	99	988	1487
5385	24	988	1686
5386	93	988	1692
5387	7	989	1047
5388	61	989	1907
5389	92	989	1264
5390	37	989	1771
5391	77	989	1413
5392	77	989	1656
5393	60	989	1489
5394	5	989	1784
5395	86	989	1518
5396	42	990	1596
5397	13	990	1849
5398	66	990	1544
5399	91	990	1217
5400	67	990	1011
5401	69	990	1174
5402	60	990	1764
5403	3	990	1193
5404	73	991	1317
5405	22	991	1926
5406	12	991	1434
5407	29	991	1233
5408	84	992	1612
5409	68	992	1186
5410	84	992	1317
5411	100	992	1168
5412	99	992	1635
5413	24	992	1014
5414	56	992	1938
5415	37	992	1466
5416	26	992	1732
5417	11	992	1731
5418	54	993	1440
5419	37	993	1681
5420	76	993	1979
5421	91	993	1634
5422	20	993	1315
5423	16	994	1342
5424	10	994	1550
5425	95	994	1866
5426	90	994	1585
5427	88	994	1062
5428	17	994	1614
5429	76	994	1199
5430	31	994	1913
5431	94	994	1465
5432	85	994	1169
\.


--
-- TOC entry 3516 (class 0 OID 17376)
-- Dependencies: 272
-- Data for Name: roles; Type: TABLE DATA; Schema: public; Owner: postgres
--

COPY public.roles (name) FROM stdin;
ADMIN
USER
\.


--
-- TOC entry 3517 (class 0 OID 17379)
-- Dependencies: 273
-- Data for Name: users; Type: TABLE DATA; Schema: public; Owner: postgres
--

COPY public.users (login, first_name, last_name, password) FROM stdin;
admin	admin	admin	$2a$10$h7.93tvgDjBShTtweBXZjO9RYXy1ih7qwd6nx8a2g3JljfwZyOvGm
user146	user146	user146	$2a$10$dFmf8bYioefCZ5.7MIpmK.xWpftpflxdAhSuVo8N.95wgSVi781Ja
user147	user147	user147	$2a$10$7sd3g1uOZstHkUywIt7byOURMghW5Z2yhLQCK1w882xaL89mYKzeS
user148	user148	user148	$2a$10$NpHTEdLuDes/z8/KmmoJwu5LahmyMiEyzETef24fV9wRosOKmPcZe
user149	user149	user149	$2a$10$JPSsbiDOZovrIG.VAQRjw.OhHCDi0lkS98bY04Z/JN28vgBahrgVi
user150	user150	user150	$2a$10$Ae.hyEMusFO18R2WKfkls.yXEJOf4/0Xo0N5v4.Mcu5EDBoUqaHNa
user151	user151	user151	$2a$10$U3I9ldc8pTkIG7D8jbSWPerNAtrUNExj7jArzMaAcJI.MExkgK5Ee
user152	user152	user152	$2a$10$/bxbq8KRfRwNalxUqM/.2.r.vfU5vpboAFD2SwNIEXD80IesojhUi
user153	user153	user153	$2a$10$ejzdXRDrb/SzposLftGhPOA5ubaeLGS7.7Go1biwKVRIa9mzQNY7K
user154	user154	user154	$2a$10$bQH0Qbja6fVm4QiXKjGFyefHv8BxR5fcWkVwVi8pF7hJ8SwyrO4hy
user155	user155	user155	$2a$10$uqlDDCVhAggQLSMwKyKeSuM1wY4.sluFBcYgm8d0te2eMOHDG4Koe
user156	user156	user156	$2a$10$f7bC10PoxV48x7snLm.6R.3t3o/T4nhmn.J.FyibC/Ls9EIsCCARK
user157	user157	user157	$2a$10$cePT.v9FI.jXJQZzj6QaGeZT6B2WpaN9GfpTuiCTdaRmlyGQsV6v6
user158	user158	user158	$2a$10$/bTB7BdPae9Bdx4/FJAZqu7JYxQcPwzetPQeyJRj3GbcEEIG1WTS.
user159	user159	user159	$2a$10$yXqD3C9UbH1f/.hpCrf.IeNXVQpd9UcRqOHeaxDdpIw3fzaafteZi
user160	user160	user160	$2a$10$Ebcb1Y94m3qLmiG1aqTi4Oesx/O6Zs0ErveTRccjXLT/uNTMCZzDq
user161	user161	user161	$2a$10$lP1iSW93YrhWTIaxGDOZqu5ctyFZ9BSovNbhUBqQftiww70YOlox6
user162	user162	user162	$2a$10$JmpsaOrNPKTyMExZ9bKh/O18E8MLbjWsKPt8FH7DZlb5Z.y9tH.Zy
user163	user163	user163	$2a$10$J4RRiyIEWTLF/jWwglzbOORuxFAmx3DYrBNMRiDzJrFv5MNppkvIy
user164	user164	user164	$2a$10$kfI2sPvu5KnnkBg7wqobA.7GLgot2NSjV5aVHwzJmNVmDvUOz2rSq
user165	user165	user165	$2a$10$vX5Legm5VyeFWDXVcHs0ruJgeiLIiC4KpuII5pO0ZaYOq2ZoLO.BS
user166	user166	user166	$2a$10$Da67Ny1Z8bEswhzJ1nDriOtHDj7q4wUF8FZAaiREFtbasgnfbm2wS
user167	user167	user167	$2a$10$UwrFY/adSxBBJSDTY78z5OBu6rNMaPYDMZznDdaH82oosmaMfMWY6
user168	user168	user168	$2a$10$2OzAsn5S5M7tVcLhuNHcru/3hpXZHO9LpDfcL96gpbn0roKDwnWKu
user169	user169	user169	$2a$10$F/O9PjelP3mFgN6i3KmuiOflN5rAa1o/AhJNjudjjZoOaDMMmOSMS
user170	user170	user170	$2a$10$v7.XJEvokJWKq6UCEklsXe62k6sZhbJtxh0J5BWmMV4mnmuFDrTfa
user171	user171	user171	$2a$10$YHdUkkaYHG.lc5NMeI.CpuU8Y2A8aw4JHaB.Ab.Ntiwv8N350c5yO
user172	user172	user172	$2a$10$Atxuwsvqm45X/0810iFn9ulSVOALrC8TyygTov46XsPUN.xOqNt0u
user173	user173	user173	$2a$10$.Ln4q9dpaBoBR2shTSqBuej/gMfRSVEZEpryQ0Wxfxc2MQxhSFcKS
user174	user174	user174	$2a$10$ZJbqYeJByoH7sa.bFnwPUuMRZ3y2uGEWa.TyCvCVSJWiepy6GdHDq
user175	user175	user175	$2a$10$2i4BPjR0ZYIACX.gxGYJZeyk/saKV3Pyvmjjw7SXFAtTV5DK0kqFa
user176	user176	user176	$2a$10$XSwRHlRC868cYnH72CVqfetnKjb3zEbZ7m6TKNlRyh7AdZ9dv2l06
user177	user177	user177	$2a$10$nFjzhyb8aeXQuTdbOwCu4eXrn3VjiaQxm6DMEfMUx8b.7bjCyMr6y
user178	user178	user178	$2a$10$1ZQeRpQ8rL8YZVGabnuALOgrJoGfbFnPwLKuxV6Ds1qTPisEqx/jO
user179	user179	user179	$2a$10$NI.UdkBx85MKANFyw1M1OelCsPqwfxZkpQNXosCuhbsZBNaQyOLhO
user180	user180	user180	$2a$10$UMI0heE8SoiLuJL8YCVTUOgmgZJY9S0CT7.D8OXzuDTq/LUp5MG5W
user181	user181	user181	$2a$10$ZAVYzdRBVhGPxi7g.f2O9e3sZYxFPHLDVptaNO6qaYhu9IM11fglC
user182	user182	user182	$2a$10$aJhx2rtTi.srEJtM/5lSteXGIeetMaPggTJbs67aJqcQq7HwgC7ee
user183	user183	user183	$2a$10$XePlTGgyKiCRqCHK2jjpxuIALAjDUPAqJc2C0iseOTli0GBoYSk0a
user184	user184	user184	$2a$10$9LUxzxqrGTCKGrUGfh6obengVWHXvvDF2voGgJvAVQQo7mAMCYOP2
user185	user185	user185	$2a$10$FqSlhxM7FSBGBHd7gxYAO.xdPvTftoE0sipw0RmmURZiVMfI13yx2
user186	user186	user186	$2a$10$2b9tAah/lmb9bk3hL/qUCe91j1LAzgdk2aNl5g9G9DNSzUDJrdZ3a
user187	user187	user187	$2a$10$BU9BQ2OOkFonpE41xMdw2eX2.n8nfLOpYFNfiVmMGlHMMyuW5N/u.
user188	user188	user188	$2a$10$86xpsUcYoTolWeI4tIdDXO18CXwYVzHPoCriVIkTmzv2kejT4zd1i
user189	user189	user189	$2a$10$ApkzKuG1M9A7gmVnNeiB2eJrKViXlk4xEuaAPmxYOv68az5IYbcMi
user190	user190	user190	$2a$10$uGVNdu4eO8YJwc4HIv5Ux.XMzBxspKQZQf2BPwCkb3rn/4F6MVkqG
user191	user191	user191	$2a$10$jSYIaJJNPMf5CgM1IpcEhuD7ThnUf9GbPwxTvdPu5KGhysFNVhnvW
user192	user192	user192	$2a$10$66mjVkj8MV1z4xy5mXolK.xdXvpExgunO6rZwsbA3mSRbjdsr5AGK
user193	user193	user193	$2a$10$fcqXM4kmt5X4PgANkyHMeOuWxWb3JV2G2CyjU6XpZqjIj1pFK5Cre
user194	user194	user194	$2a$10$LrGr4VjJqWdPjQGJ65iOb.mz9ZFwLw9IppPDundNo8yAakKnY9Vlm
user195	user195	user195	$2a$10$EwGrjriv/l7LGhmLaOE3GOVhF09hdCJdvjp6aDpA3J3x7WE/KMUse
user196	user196	user196	$2a$10$4kcr.6l757EtDIWZgfWe.eNfzbaKhbhnNxzkNRP288VRwySIbcVt2
user197	user197	user197	$2a$10$7cFdKTuAJQxR4vSSR1M04ewLLziPnDDC.RJaPiz.ODIvC9vThAX0W
user198	user198	user198	$2a$10$D.jlgVqpVawWrwvT1ppWg.pYaaQ6dyBRTeQS5rcr6/jPtosByhZGC
user199	user199	user199	$2a$10$ubkCdqpW4F9h97Opf47InOhTEph2pixZsW8sBPwmS.FIDPheWVZ8y
user200	user200	user200	$2a$10$/hSUOg6EUwBvXXa06qPqRexpQqGFSZqAmviBs.p3tjFRfG3Y0D/fq
user201	user201	user201	$2a$10$2jGIEuXchqlPwrvwru1YwOmnTuLeK6C4IS6ioTOp4wi832JVjG4Yi
user202	user202	user202	$2a$10$8DEIJOFhqpSUi983AS3jHezdkIEwrB5DnRAvb7TuijDx1j3hmmOZu
user203	user203	user203	$2a$10$Qk4g1j.b8ky.a4e5JpPVlOpx8iMMCZ/HQqA7j.jpdblFfJQdCCo2i
user204	user204	user204	$2a$10$TroZgAF4Gytxuy3TwRow8eGi9gIOjcqEs3OF6.vY3nZpVQ.uFwEuO
user205	user205	user205	$2a$10$IoYXjMGZ92GC.5pNrm5zwu5aiDlonWnVxU/qHyfRaRSvbmFmFWotm
user206	user206	user206	$2a$10$yvXK6wcubr6JZfVMnPk0k.1F0V5.DPGJQuw2T47Mp.jO3fDz3Z4/G
user207	user207	user207	$2a$10$rgRqgvQQjiO3Bd7ZOsxyH.mCmsBuUb3kWjDZwTIRmvfXd/Ab3JcKy
user208	user208	user208	$2a$10$eWJlYSKMfhdsxJy63tSF4ecaQXWMeggF344mixQ1eeC6nSmBpn0Qu
user209	user209	user209	$2a$10$f6Fcz/Ll7W/Eak6vy8PU2.l1GUDvipCE7FkG76uor/fMWL88Y7fmq
user210	user210	user210	$2a$10$DDFbBCnHqU9TA3bjejIe3u1LPQQgH8egBZbpGXzYD.W89e3lKQ27G
user211	user211	user211	$2a$10$RPClJBy8Of6lD3tALTsIje6CD4VlXxU1meA5QBxwFMrdm6Wg0ksmW
user212	user212	user212	$2a$10$33ywdthlrlMci/7B5XwJ8.wDZlRmRS26WdlYg5MNTIrMokSxQra16
user213	user213	user213	$2a$10$kqUMwlfDFDrKMDSDa7EVNe/fhLNzfJe3SSfQtcR2/lnjSAIFHnEOC
user214	user214	user214	$2a$10$gsdXPscrcmpkgZQ9nPTdNOWSV3HoSeIYwGqU6gPC6R6pAa/HbjXoO
user215	user215	user215	$2a$10$OcPt/sBHSgtorb2iMLk3wObdjgX9bzFX6Sxe/vdTRhMPVzzE2KaL6
user216	user216	user216	$2a$10$7/11gdvKvqmPbawjzt8tgutrN8UXOcvAUaq3GXH7SMu.lZb.jsc/K
user217	user217	user217	$2a$10$6R1aKwzLVhJpCe.i7mS3U..hrcitWN8Z4MsEX4CvuVreBVdX9ecsW
user218	user218	user218	$2a$10$sMeFydY2s5iWsFxiy6AuMOpU8MJQzJLXAybXfrE88GNzrjkMWF.Ny
user219	user219	user219	$2a$10$9/J8i5fgAH1Gz3CSg4j8Tuvba6kLLgQ/RSDpJO/1vjz6xW1Vjzana
user220	user220	user220	$2a$10$XZ8dlpmP/S94FRSSp4bW1.Fb1YYFtZSAufH2AgEkTm4y3W0sW/0Cu
user221	user221	user221	$2a$10$l93gEYSV4zfZM8XR.HfUhuYQ0zCS11ZT7wqsVqPazzXhohKMXG7xW
user222	user222	user222	$2a$10$7d9nUFgr50m/ZDUlwqt53Oru/tZW7n6.wUrlHh7QykM0yeCh.nAuS
user223	user223	user223	$2a$10$0uCglJ9RXk5EW70w/LzpgumhF6JrC7NyHAg5zS0BVgWvkqu2DI.UG
user224	user224	user224	$2a$10$TGe4x7rAFDkUmbSwbxiBfumJ/7NYVvvZCYf3rbo0gUDq86QnT4Kre
user225	user225	user225	$2a$10$tvlax2kkw9VPLWhXUMzTVOOdCao78PWfSX70ZIoOZTYRXSGPH.Hna
user226	user226	user226	$2a$10$7Nqv1Vp28Qv7/U4np6Dvh.ecHLTzLq3QgKmRC62ytOJW2u.O7AkzS
user227	user227	user227	$2a$10$bE4B/3FEZo0RMGfck0mf6.xFAyKaHfaZwV0x3do8WdXeGr33SdWJu
user228	user228	user228	$2a$10$dUve8YVXYFR1XIcgBZP4e.M0vFX4onna.vDHYeQggvCGAjPv3qAmm
user229	user229	user229	$2a$10$IgiXDsDIQM0CYjISm1K.keyt57BqYtdtWrLIfCCHJrn5FoLVJycVe
user230	user230	user230	$2a$10$sIQQprWcCcI7o8uB3jsMEeskd9FpioEP7m0pAAedtGvCk6LM59r9K
user231	user231	user231	$2a$10$S8n1eBUkmzGIDDSX8Fm/qOzZcbPHE1n3yEDxm3YGBsCoe/qoegBPG
user232	user232	user232	$2a$10$PMclc7JLDKyk5TR4rWL68./JiIxFFQwoRnhr5RmyfVHk/1rFp7I9i
user233	user233	user233	$2a$10$pXEoYyHs00nJWO7XFuqEzuDJx57mO40L2BYIrP/pTWsIyC3KnQzkW
user234	user234	user234	$2a$10$ptXqo60rOsSLxBmgJ9RphevbTOOFGqizRwGVlAYfZ4zqtJ3Q4KVM2
user235	user235	user235	$2a$10$3Doiv68gHp1z.jA1ST8PUOMhHQjD4xJg9BG4/EfUad/5HZS696rNu
user236	user236	user236	$2a$10$Nt03yjwbMx.elTyb5MxXi.iYFRjS.xHiiZxx7.V5E8fSj41akZr7.
user237	user237	user237	$2a$10$ClOAtniObRUg17perOd0/eSO.gjSzz5m3UQJsjL8iZCxRWwWohu4e
user238	user238	user238	$2a$10$pZs8VScpk3RyiMVwfL4SmOAGoFi9G8o28TbQOKG970qtd0pC1Nb.u
user239	user239	user239	$2a$10$eHdaj.C1Gsw9NiTeLNxvpuG3/uGSRaV.ZIvJJu1xta0gl1CTtesui
user240	user240	user240	$2a$10$SKLZcH1OzvDGKWcJdx8T.e6QOBPfMNKjtRxAUfAKzT2q1kTMlua2K
user241	user241	user241	$2a$10$5/Jk5CMcIjDgMgAzjRN12OSHEKDg9Qv/sc/BXtzTpjA5Hq7Jmv3dy
user242	user242	user242	$2a$10$tlY4yUggFicCmFiO5jTg2urFQ3jwKtVfFGFdEUkLBDv3cx.6Ookwe
user243	user243	user243	$2a$10$.F3v.SSZdsX0DQIhqOmWoOO3qNePXXRqZE0UeQ4yWq0LX2fRbVsg2
user244	user244	user244	$2a$10$zm2UgZ4RaXUmrxQq/oj91uR7lpJgFztR2Wds68SAEuZSVC.0KVlwW
user245	user245	user245	$2a$10$0BIgxRuifRdCdk.0RR0nweBa9EvEaS4hQBjcXaYpaN8oUSD4K6J0K
user246	user246	user246	$2a$10$yR7QBF.Us5poUEOjtuFgn.wdwmpYO4EZDkpS44xCyyvZy9JKfRkHG
user247	user247	user247	$2a$10$M8mtqbiXlHmKlzCFO6Q3p.8oNqTyzDBNBXopC01FOgzh8I0QHocDS
user248	user248	user248	$2a$10$CQjhaQWNw8o3RGbtlBkWB.kqCkHgBzEPL.pFB0cbM9Iby.gQ8vxqK
user249	user249	user249	$2a$10$ec/OTEpgDad9OE10ohGbfeOdabX6xB3bzrpmXgk3C.yRGNGWOQK/O
user250	user250	user250	$2a$10$jN0J.ztY/xUIa0LftrK8o.VjaH.QVykPvksC3PbzuqntxRyM7pfrq
user251	user251	user251	$2a$10$RLePwDe6IMhuM18Ys64JkuRPGkAUS9KwsLygXAnJqSdGA7Zk5NDne
user252	user252	user252	$2a$10$/VwtD256DRllyAExXA0QMuiqTa6m.r5FZJyUi2qLHy7J5BvAwEm4O
user253	user253	user253	$2a$10$Qxvt4jVPUyBrmeKHNla4Ael7jCoBRKPkNRWRPlQRHMfbjFiSWT0Mm
user254	user254	user254	$2a$10$LukTIP38U0pIEDxcgoyhSu8qT81M1yEtes28CE4okWyvO/ibzSzmS
user255	user255	user255	$2a$10$ICZnJeids5KFFE.5sq3AwuXYyWoa6WwJZ4Q57EIr0U5mKczSrupPe
user256	user256	user256	$2a$10$vaYIdCrdsXdrRn8aECAhM.A8MixfLOWC0G.i45oXxm4lJ2ScjoAOm
user257	user257	user257	$2a$10$6qD3qUlXCLmQjRmMBW1nUuFjgMczhfbGnt41Pe0ox1B4hbTxXj24i
user258	user258	user258	$2a$10$cDykz79tsMgEAyzWXpHAn.YQm5lEA52vMVO2/QfReoH43R/9MN3Mq
user259	user259	user259	$2a$10$1WTZvW4XBcLDGFN9Y1aUU.YAU0UrK/yacuLi55XMi.1W.eRviuumy
user260	user260	user260	$2a$10$rc/WoXjibyBVRIJkNQ23B.DxQjao2jbo1sB3cGvBswILKjf6fklMa
user261	user261	user261	$2a$10$GnLr3zkDn3I13FDwHDH3Ku8d96UHSh6IZ6dn41dCYlHaLXkS9rq6e
user262	user262	user262	$2a$10$cGFBSbAvwEYzmZbgJi7Hf.fKOXvBX0t1fFwF9vjij4JRnR8/FLZri
user263	user263	user263	$2a$10$gt/AjGHtGx.XH1pi8Rbv8.11NDbFKN0DP6qZdZ6kheUJME6D/teFS
user264	user264	user264	$2a$10$gS5eiknKH8xnxMa4UGIJfOLaRec/L17jXvW9QmsLMY1xHyzturK0C
user265	user265	user265	$2a$10$TfacT0awEoqRDQDycvsm6.SUI.VXTzULtNw7uY9LyAK9EMlN/M8yC
user266	user266	user266	$2a$10$szmS.4iOwodnnUI7780xeedWT04wW3QDLMJFb8cYuUJLXirv9zLAG
user267	user267	user267	$2a$10$2i8KOgoccq8Ym3pixd0d/OxAh7VjJCjhA52EtDNf4msbEm8tEamIa
user268	user268	user268	$2a$10$7re1MDmF6QPfNfbN87Fmou2G8SQ41EDWTxKWschtJHpSO0IB88GDK
user269	user269	user269	$2a$10$mL6QkV4beGvKsczco98htuQXq.2gvLQLiQsOwMTAkcGDWy6ZjnvcS
user270	user270	user270	$2a$10$lgMRstgOAawAWqfEI0sGdu3Fy1b/dgq3DZHupFEop6r9Z17/SZ8Kq
user271	user271	user271	$2a$10$1MsANpNpJL.4IZBAbrZhyu86RS7vGQ2B8r0HsCE6nOYem/PW8LmAW
user272	user272	user272	$2a$10$AQESkjjj6R0edI80dIRs/OAXMYfMpY7HWqrQHrpwXdcF31PAF6z.C
user273	user273	user273	$2a$10$qNZwcoLuGbwqkDr3i3npJOaOkBx4Dc7c..eymlSFOqifSLz49Os72
user274	user274	user274	$2a$10$bUGeOOpS90NxmGHtlXJ5WuXuuiKpuMpypQfP8pcHh97MJjqbcRjoW
user275	user275	user275	$2a$10$cmAV37n6LaucQDw464L3x.b/ZKM.CM1hu5BupgtJlI.m7GITHhSYW
user276	user276	user276	$2a$10$eelAcMkz8rzJVUE.PIHIMeQI6oXOe7cUChu9b4kQvOY7MiuzTsx2u
user277	user277	user277	$2a$10$eGEflOFQLHuexgXGeNxcW.JYGNn6ttw1JkalpsVoqeyZwaz4xBUlG
user278	user278	user278	$2a$10$6BG8bETIHABEI1FrJ06bK.gqiYV9wUACC9j7KAxPMymU2j28t7dre
user279	user279	user279	$2a$10$Z7t0Pfa6SJ4mceiFphhT8eZ4Y1oWSbuj29KOXugtd9R8x.rVNvXHu
user280	user280	user280	$2a$10$.PcUzvAXeVEfphP445tWdOmezCpmKFVf8l2IlEg0ncTniRq9ME.K.
user281	user281	user281	$2a$10$wGkNBbNxKq8iaDOvNpk6ouf9i8f1ijqVx7nBeDVVi22ylCCSrTJQe
user282	user282	user282	$2a$10$UOyILtdIDPzmgqI2IssBlOEoyzwSIfTiuO49TE3BJKu7r.z.ZJVoK
user283	user283	user283	$2a$10$WHoI9D0294mBlRYzIPtDROh1Fuh5RIk6IQDR0jW6XcxpaxnA/08OO
user284	user284	user284	$2a$10$zBZyXDX1w5YIUGAnOLvoYu3YyX8nMkvyyMtxnnOvmidjYqyHe9q0e
user285	user285	user285	$2a$10$IkSK9weEO28.NOuUXpffU.yg3rFfiTWPOkJgWOX5tR80T75lhE3ti
user286	user286	user286	$2a$10$R9TpSH6ut/y012NEIXnty./xa9kI7o3JBHMEfSYocWoA85hmSpy8K
user287	user287	user287	$2a$10$YhYFYWROvi1U/nh2qp1FLOZgFrON5qwv4AIG2qMo6WOBC1iG7uK8W
user288	user288	user288	$2a$10$is8s3vw6hJB6IwYx9cY8r.snTgW2wjLR9lGBcVEy7xmWJPhWF351i
user289	user289	user289	$2a$10$K2PE1HTySnJDdH4oUkbLL./ZFoyLH8YC01M/6FPzTGCm3uU.93bV.
user290	user290	user290	$2a$10$0PwYeykpQ.JVbUyIDKu4tOYjlMxVnyl5OpCf8mwJX5R5HRaPdV7Ze
user291	user291	user291	$2a$10$sASWDa6mF/VY.yw25laTNeP8NyO9shkIQd9K.q719fb2iIFrcm.9e
user292	user292	user292	$2a$10$NH3Hha7nMTWDQayoVQuJr.3u62CL7fdEKYPRWYOnvYJCfOfnEHPu.
user293	user293	user293	$2a$10$4KgiojE8BKMxIfaf4w.yqu1j1CQgkNrnXFuaSHE4vRaP8gNCEYq1C
user294	user294	user294	$2a$10$Y8h5VaaUZ4PpI0Eyer3pJuRlyr.oaiINSxMbfiVh0KKR6bAm4bEoW
user295	user295	user295	$2a$10$5pfQ5.N.Wc2SrHtiPiwOuOqTVtN.RApxNGU7WeQYKWzimxg6tjEgq
user296	user296	user296	$2a$10$FgdW2t/GP4VSAKu5d5fZW.sv.JHqRO3BywqsgfyStDCio.xqGo9PC
user297	user297	user297	$2a$10$MeAeSP5vy/kZhYUa24fFJ.WCT3BIo5hGNnN/27rcfro9KihxF6mQa
user298	user298	user298	$2a$10$pt3gqYrHid64E0mROs1pIeFNGKLjuGHDfNI0M1wpnZv3r9WTBLccC
user299	user299	user299	$2a$10$nT785LUz.tGwecxALBheJ.ERdzguiZXypIJBQCu8gzaMg7p0xMGB2
user300	user300	user300	$2a$10$2tGY0b6UkIzTha86PQA1ROgGSnMqD5dNEtnLCsu4L9.ziWk4s8CDO
user301	user301	user301	$2a$10$h6vcUONBdAja15FByNifV.KFZxJLqhJhbNWnemar8qSvS/UciZl7W
user302	user302	user302	$2a$10$F5aC0rKb2hjVWlfcc3/57eT4gIRRFUxfaMj4/jYagUGhlpUBCCLoC
user303	user303	user303	$2a$10$ZWjambWFeDSRpTz/e4zUxuDyUkem43ae3WBsWFZvyOLIGu8S/.Jbm
user304	user304	user304	$2a$10$7xi37lviw6RvV7xV6wKdVOb3eG9gpMRWUey1UdQY0yavPzCElpVjC
user305	user305	user305	$2a$10$.enSamh1vhZMlEeyd1KD7OjArMDPoj.1qwK6pOY4v9/dfb0XI6hT.
user306	user306	user306	$2a$10$BxUIvagmw8o8jhFfYsEU4.SHn6gsNxED9VIpo6.gdsmo6yH6j1rmq
user307	user307	user307	$2a$10$Q/g3.k7OLWy7yyK4r1QY.eo1k/UEju5d0NufhNHd7hv8NKIRO/j3e
user308	user308	user308	$2a$10$6ytuPdQagqXT9U9xJUgclevv47wb0N3cWC9N3uc03KqqdJHtI4hfm
user309	user309	user309	$2a$10$M8ilfAqdkcJPDuOrS5CmH.jn4657sURX/UhpzqBBVhf4cVfEtRYtu
user310	user310	user310	$2a$10$H0byJZPw23fw/50ZlOvdIOazowBaq5//1XV5l4VVINIXig4K.4nGq
user311	user311	user311	$2a$10$MTbDsd7eSPh0QYX.1IFCvOfxSAb3/f/IsVu5petD4xvjwk2VzNdbO
user312	user312	user312	$2a$10$8p10va7fqwZLOgfzWFXLt.sIzAhCJMPpp2UFWbqWpxYhKs//wSZ12
user313	user313	user313	$2a$10$.ki4KXzylpw37hKr/qWJtupEPP.JuaHRqdWsywdRd7mtSIPPngCfK
user314	user314	user314	$2a$10$qjvVhthWxgrXB8xUt4ZJ2euYpdxnMUXAa7/hr2nmr/6/SdhkG4uwC
user315	user315	user315	$2a$10$J9DdmqgNme74Pc7QD5naeeymbedsDkfQ8C1eNrVXQqVl4eBufOYNW
user316	user316	user316	$2a$10$nPPR5cVJDkSMhqeXjmd4AeRYYqe.XH6gg4NzVRjyVBIXVHVToVzji
user317	user317	user317	$2a$10$uBBt1ZA0B0m2Wc0StR4tU.Y1DbrKwv8.Mcv9Z4z0pezBA3nSTgc0C
user318	user318	user318	$2a$10$s3.X7bPw6teXztDxSD/QXu3bBqvRdyy7bjU8zCe8OrU2UndJwyb2C
user319	user319	user319	$2a$10$zE4YKn4kbwHXd/E7m/dTo.CHHyE8Ve/V7zh/It2Z8d0LRRetpoJRG
user320	user320	user320	$2a$10$GGgndBz0LLdpOa59lGjmceTWl8N4wY0OKuLQVQxhwCJ/Ue2s2qEHm
user321	user321	user321	$2a$10$/7PGMPPnrjI2LywTIgL2v.Z7ltMKlODCGQrfqGUUb0YltNyaSAIwm
user322	user322	user322	$2a$10$AyCg9Dsp5TF7J0rCvMJsgeCuzg6hFwF.tRvdO08LWQtwYMaQu.w6W
user323	user323	user323	$2a$10$V1kNf37cCsqgP1hDyOgWKOzPIH/BRFHGOUKsSGy8TpYMwAtd9PzRC
user324	user324	user324	$2a$10$vOIEc5WDK/wMngrtPCZrYeKvANT.XXiwM8Am0Gv5vj3ZuiKD6lOzG
user325	user325	user325	$2a$10$khIN0Jmpbonhp24a.g6s/uqfRaUK1oHAIgnrpcjYGxwh.4k6dqd7y
user326	user326	user326	$2a$10$lGCKd9Atx78K.8seOn6zi.y1ic5NXH1ITPk8ElKDG5V3Rvr3s4NqG
user327	user327	user327	$2a$10$0tzwfcuOG7pltFeiwaYX8OeIgfJuronME1u7jnbJq78P5fij66KCq
user328	user328	user328	$2a$10$t3txiL59QFiE7qxkQMD/ye0NczgUo.Twd./Cl9gbLJ9nJfmQ8AE9i
user329	user329	user329	$2a$10$ZlNpKSR0by2FVxza08tbFOc0ZLymMS8meg46JZx7xtoNt/BFGDk1C
user330	user330	user330	$2a$10$pwaAmJsN152YF.ggWNXC2ObIFuOt7PrdNUbgguhHBWhwNbO0GDSdm
user331	user331	user331	$2a$10$Q.FZXiYrwM1fWLd/Zo4FoOJCfjDRObJPKehCpm0ZWKYh1dcX8SZhq
user332	user332	user332	$2a$10$Fe7.Budw8NmdHKsG/fU15./zeM1ovSTqlqP4wYImatpqoaIkMg4Iq
user333	user333	user333	$2a$10$lqmZHVZrA40P3gbzJL8Kzu0CwoBBTRTE6R5CqWaxsJT1aFJ2C/Cs.
user334	user334	user334	$2a$10$P.RpRXuXDeRCppeWhJopquz8gYBJusGn1j5/Fs2K1u68RKqfDXvA2
user335	user335	user335	$2a$10$G3pKvDDRmudSFAqtEFe4ZuRvonWSXAyxKypWiJsproTwo9Dn2eNgG
user336	user336	user336	$2a$10$B8H06ZJO1pSoNEsf0NzZtOi7PbqZWQKXLdt4oLFyiyEd/.WEaFtKe
user337	user337	user337	$2a$10$52jR85n7XDZ/pZdEKmz2wOoNWwlIUpA4IldPKUC0f4C/i1xWG83DK
user338	user338	user338	$2a$10$92ZRkveplXEnklqIl6aIz.crAM0mmd6QKJHh8wYKV5EJnlRyNJZC6
user339	user339	user339	$2a$10$NkIxQyfoR1uSfYNzGRl6DOk8hPP/N5zAX4dtPLk1zPvdwVnJpa8WW
user340	user340	user340	$2a$10$J2nynniH5Z7tscgDj1xr0uW96eVXAsEwl6nrKP3IklR4oCPCxsJAi
user341	user341	user341	$2a$10$.J1Wqe1hLMGodFCaGaOK9u5mHnUYZzBH1fhIH.Zeo..EmAcF50lXG
user342	user342	user342	$2a$10$LXO5gTwnJesJ/1tqSmD1yekLlbThUkMimPHgHiAepHAzQVYBpQpeG
user343	user343	user343	$2a$10$Kfw3sMyoolCaa3qGR.MbsOGUA9QAYq9v0Hu2T5FWGpf30hjbdfWsu
user344	user344	user344	$2a$10$16YbZSBabNsrNhobZIaO0e7uhGeySjqhRWFzwJ9IzswlMDhf30V32
user345	user345	user345	$2a$10$AYIcIfscxezGSKSnLYflxexyusLFCsTYNzvDSbuXCPRcgFTRrVp96
user346	user346	user346	$2a$10$fc/CjqcvJsR2q1ZGA7LfZ.aeTOfkhYe4JxO0fRQZEu2UGQCWFNFUa
user347	user347	user347	$2a$10$iI2Gm.tKC/Ib19QRSDx5xeDh39vh9xLMEtBVtDFTJyGUuAFv8d.r6
user348	user348	user348	$2a$10$t1nFdek0CfdYdSEsC/Rr6OBWCClAW47iTm4.ge52OLjPjLHVsY5vu
user349	user349	user349	$2a$10$V0iKCt8zPIqqdf/EVKwcfuoSncLKG1YOGkoOsQiH/lDzoDcbfBarK
user350	user350	user350	$2a$10$0guF1eqxrBmy7wheffgq.urlXgBsWo/Hmz.Y0UWZNQGTLD/9Wx4hC
user351	user351	user351	$2a$10$U0ddMV2sMG2RKhbmPeMe/ucPGPFPC3jRdj4cT2FQEE0nZKc8sqipO
user352	user352	user352	$2a$10$ZVCznUY7OOOa722cPEWjFO/MZHFElDtH55gR0AwALs.OLBXHSV6/a
user353	user353	user353	$2a$10$NoTQltvRK9eE.TyqB7cy1OsWWoc5W57EQSlWMg0lx6BJQ3B0ikVx.
user354	user354	user354	$2a$10$I7QeDLHxouLrkOLvKAKiwurA1UwHt/C.I7kHl1SeyvB.igRSmsJKC
user355	user355	user355	$2a$10$gld3x8PCndgcBP.D0DrNTuwXmgkEZ71rLux9CbszV2dc0cVCbHq9O
user356	user356	user356	$2a$10$Un9k0o1j0eplUQj1MbAmcOJtPpax2PTnnH6tTYY/.iHQ7xH0048E.
user357	user357	user357	$2a$10$K3gpoa9bk4pftAFVtUwSx.UnqEj1Ear6C8SPtjglaMzJZ.2hyJNZa
user358	user358	user358	$2a$10$3mdT5oYPsMU1LKScKr7K7.Rvs/a6XPYoZlCxiofkclUoTxJzRs9au
user359	user359	user359	$2a$10$J2SsKIsgqMkpFYBYZMSth.4BCM5fHxQVHGiieO0HiIqtbL1CUlM0K
user360	user360	user360	$2a$10$hVj71gwQiNlueKIJ5cDSr.iA6FONZbsCUQkstNgK/DAlqsbzPsKOe
user361	user361	user361	$2a$10$4flqBgy7ZFUVEX/on9sfz.obij0.W3ECKQVqsbuLWJRTxA8tosKUG
user362	user362	user362	$2a$10$YmCAAmRIIE4Uoc4ZpIu6eepMhnp8qNx.iROmamTWophNZ86H.88B6
user363	user363	user363	$2a$10$K/H9nQANm7UXJFsV4bYCZutJkMz9EZwyHmqBvVy4H2QxATwVfZL/m
user364	user364	user364	$2a$10$yiphc7NLuwjhYLioohynC.RqkaK7YBD8C1rPxXidaicCFonsRKUUW
user365	user365	user365	$2a$10$KgG0/LabwNlPxJQaLIJmkudVzJWIsOIoYISFwwpU/0LDnRYune4M2
user366	user366	user366	$2a$10$ZuEWa0hKivHdN6TmMCPnV.pN7vveuSlj1xvXf4YZZNo/JOu0mi4eG
user367	user367	user367	$2a$10$twk8aJsnY4JCtq2mJwY.9O4zK4edvmIE6Q68MS2T1UN/3NP8tXY.G
user368	user368	user368	$2a$10$OxHWrCHAjdnYgAnYUePV2.iD6TBJiI7eRNk9O/NZEFVmo1npvlz0K
user369	user369	user369	$2a$10$.LU5KP1oe.jmY8aGldPileWEO/vdi8b6EMAZj7L.ZyEJ9tO6ezQ7G
user370	user370	user370	$2a$10$xXo0WaG13QSfINumEhJ7/OIifXkkRU1ASFRDVwL1LcVgHG.LX/V9e
user371	user371	user371	$2a$10$lOGOx2cWKx19XuwRsH6kmOJWk5Mp04G.jmtF6PYPpNhVIV9o8jge.
user372	user372	user372	$2a$10$Qhf4sby8c178cs4ElFKQeuTWHzbaLL/3btUwOqfnmmnlyiXFZYa2S
user373	user373	user373	$2a$10$0UJ1r4DgdagrRzhC5DP7jOtleMXJCY4f.lktWofzLDnqW2YyN.yo6
user374	user374	user374	$2a$10$/g0o12z/UimGmbXKD36nn.p9MIxfwe4h20Zaf4JNejk.AiosLlXAG
user375	user375	user375	$2a$10$SXMfhXf.74xjd/UHEQ8N.OPNrXtfnhLhBDofg3E0WtV3ZHDhBtdi.
user376	user376	user376	$2a$10$pcWuwVFv93hgKq5EHeQFI.zgx/6.GCytGvRE1QzmRo14l.14Dck9u
user377	user377	user377	$2a$10$ipi/H4W4xHvvn7ZiyffSXuD3bzJFZrWy3pjpI.42p4/8Vicxw5bfa
user378	user378	user378	$2a$10$nfRlNcN4adWF2l9Ft/DShOc4woD2SsjZuE2Ie124MzJrXXmer.126
user379	user379	user379	$2a$10$nzn4WufWjAgQWmLLzY85suwQnsz1X3.6qMO97irDGpGwf9YtG9/gq
user380	user380	user380	$2a$10$ARnIHYASmLsyBvG7k804mOmKJavxJTcZx6n3s1ulZhZNxOumpAjbS
user381	user381	user381	$2a$10$PQkFjILurjoKnjWhIiplb.fuG6oGyuIbpVc2NpZ0jVeCEdHPstrI.
user382	user382	user382	$2a$10$hhNLvIsHqNGkVTVxifE03.OKRHNFqguR2UCVr774RyTLOT946NM5W
user383	user383	user383	$2a$10$qG6SL5DlSzRJtKOoCR/3xeC9DQ58sQ5lxUwZ04fXaGszf.FueXpgy
user384	user384	user384	$2a$10$1ZC60U9FrmOyISBloRBtSu2lZEKJAU/bhthNxCDw47fp2gdRR3hN.
user385	user385	user385	$2a$10$GV0xIohsNbqAedh0mmWh4u3U5zng16.qAjNARHrcMYwEPEQRb4l4q
user386	user386	user386	$2a$10$0RTnp0v7hU7xYLAc.XYcMueX3GRW3pMedFLTDIsbdnHS7SWSjiRhy
user387	user387	user387	$2a$10$2.SMLX1iuKXVMqWU8NTBz.20JmUaUKSZm0sOh5lo.tgB1uUEi8gS6
user388	user388	user388	$2a$10$RKSWuKoxEpv6NuormsQrR.0nvm3BfyebWp3UQ5t4W8MWBJ9.k8CV2
user389	user389	user389	$2a$10$wd/xxekSfNsaNkX2j4wKe.OIwWuV0jwNyXqFuzJXfUBcyuH/IWILy
user390	user390	user390	$2a$10$2k3UrPdYZFRaFRyYRu/IxerBm..hgBjqY6JAWN2RmPoeidCwcvkB.
user391	user391	user391	$2a$10$9v.AGyxFEZDqxVek.wCpbeFJOrUVdrvjXxIMNLK4ygsuLlz1ZVVd.
user392	user392	user392	$2a$10$mAjCVXq87jZZL9k6tgM.weIDCw.QfZcMQiSbB6TItsZPGY4u82BrO
user393	user393	user393	$2a$10$MHvBLymQpqNrmnu14F.KC.9Ynq0ytMFRl6j/0FzDt8CFNJtzE71mi
user394	user394	user394	$2a$10$uUJ3c.JG3p5IpuHTrrDna.rYEMSGUZxD9cDnhvlkf2.7Vpx19cSLO
user395	user395	user395	$2a$10$fX5xAgVG0EL9o2bWnDyCGuFHacRXLZr.fDNk2sSWIeyQ2f34gf0mi
user396	user396	user396	$2a$10$7PqNqfkFAQ6Y1CbPCFOF1OhDqgAWc44Mc201apMGSAGfREeJnHghu
user397	user397	user397	$2a$10$ieb820d0P6lcNZPp73bsWufXz1vGzUPN/JTQP8Tdx3Su8xXjg/M2u
user398	user398	user398	$2a$10$rzs/8YDYN/UQjNWdtLVI6u/HWNS9/gzF021TeLfp5Jlxp0yynNBSW
user399	user399	user399	$2a$10$A1rLiOETQfDW2vvfHPOszeCP8L4jqOCbElwvul8PeeaE9OMu/ZJRS
user400	user400	user400	$2a$10$eiNzG6mWLaIQt4ovQrEfjOGMETqCB3c27x/1xElLi1dsnk/whQEau
user401	user401	user401	$2a$10$BStCqIbUUEInxhGRemcwCeCsJjy.dImq4.LsEpfJGrDHbhGG4N..y
user402	user402	user402	$2a$10$oqen.2DTYuqXtrTKULEKp.2mTypjLu3KCFwn1UYVvAIopd1cSH15i
user403	user403	user403	$2a$10$FMF4npghdzH8S5BV5ppxM.JTrYz8Pcij/bdmfca.OJv/toWkMoyYi
user404	user404	user404	$2a$10$xZ8RTqdaCH0M9JbvSqTDN.3IHjlWtC1CEHeai4uVciEjxRkqbMpUW
user405	user405	user405	$2a$10$Ab6baPwxkT07jEA0eevX2O0dKonNeWBkC6zZOkB38R9tmbM28mjbG
user406	user406	user406	$2a$10$TNGt.mHvsPwiTP.A3YwM..lz9zkCS/WrBalsvkouIEhy2bQeh5VRm
user407	user407	user407	$2a$10$.iVJSealtVuPL4aVRGjpv.tdZkSzKucFhhyWPmhhOiqLOWnwcRZii
user408	user408	user408	$2a$10$CBn872XVCNwmnagBIceIM.dQZKyACW8wViTOA.4aGVtX19TtheBFG
user409	user409	user409	$2a$10$ZYekGGAlFTt8L/iF3.6QO.j.BsKQb.j7AwekIsN22unIRZrH2UW4y
user410	user410	user410	$2a$10$k.bZ.ZBXH43SQOnaPViAIuw1u6aGcqAAnCdLExKABpIzUDP69VwtW
user411	user411	user411	$2a$10$wzYbcisZv8pze.ViXCU3.OAbv77DRVePFvgT18i3K1yBUvVLPb5Ve
user412	user412	user412	$2a$10$kn2shs.S1I0M8A16XUrXvebEqeffKnyj0KLNN6JV1eGvr1fcMfEDW
user413	user413	user413	$2a$10$fwFtL6oLIvn5cBdV/xCOhOu5C0ylFchN4QR8eyRvLSXErxt8bLyZe
user414	user414	user414	$2a$10$HmiWD2zcbkACFHrm6pA4Dul3ANfsRBefXyaUWZ3N/VmWEliPO.QQC
user415	user415	user415	$2a$10$G96VS.wtXiXUkrHRPFnyD.F3vDX2DfmXjrNYQ70nmTEyAnN/3EBm2
user416	user416	user416	$2a$10$dZiS5ba/OMH4qJtj9olj.On1VebOA.YXQi8NtFQpkuBMGfXVP9rXS
user417	user417	user417	$2a$10$pnxdbHCpyB39/6xcE35dJOe0bWL1iWnKRgZnrtVab.hl4fqFXo8Q6
user418	user418	user418	$2a$10$9KoDcab2R4UHsK5QIT6imudNJLpIGoO7gk1nEgPDgtxpeBMzSnvrS
user419	user419	user419	$2a$10$5km4s9967.b5rvQ66j9H/uoSHtd2R9G9ojHnaYfYPPAlhJb5WyRAa
user420	user420	user420	$2a$10$ATydZ2LtvOga1MlH7R2Zg.YTohR/b4ckJ.B2MgcFi6Tx81PFYELaS
user421	user421	user421	$2a$10$cNl3vqkuwmmPdlumR20lmuqLaw2Mds6e51OaHGUVqzA3r6DJJ2t2i
user422	user422	user422	$2a$10$PZ7jQeUX4BcN0V.mQitvQeAvsyOLs3npRYRe12gvZuKvsSrHXFg.i
user423	user423	user423	$2a$10$3WBGkea4ok3ySMASRoD1EuSNItEacOz2MvJJ5gnaHYPzKKuFwzVoW
user424	user424	user424	$2a$10$M5ZClkjNH567wtOy0qhOXO31DHrd5REYXjWNrv3HCeOWLmC3wOkpC
user425	user425	user425	$2a$10$uF7RxDg1IxQDMEC0SH73D.lr.xuM3yRjsvjEbiv3RTjFzTbxaEjpm
user426	user426	user426	$2a$10$RSPheSWEWdW.g3w9RD89JehzNsI0Pzr4oYchf/8ospUuoLzwUXUvi
user427	user427	user427	$2a$10$AMVcigtqJn4V6VGuHWJwzOK5cVocgxAuihqL2R7efW70.WKDj/SIW
user428	user428	user428	$2a$10$yXrk8sQLv7G1ATNrzlGGh.6kljqMy3l3nGrrZHu.MKPFlgQO6UqP2
user429	user429	user429	$2a$10$HzXpJkWk01LsuTCO1R1CU.7H4RfFMZPLPHeuQtSARnQqv8Vacsfvm
user430	user430	user430	$2a$10$f9.rxuZ1VRedJg2Ltlkuouqs1hVGxyhgu/1ntvEMff2eKWDPC6U3q
user431	user431	user431	$2a$10$9H5SAEBfOWqolKvQtRUnZu1SndQ9u9VJCdhLUsSVz94uMN5wRW8XK
user432	user432	user432	$2a$10$UYZ9h2jJelvVFK2yevMaX.XW/4at9GzrQ30v7nUh.7ohak9jqmY6.
user433	user433	user433	$2a$10$QnCUjTVm52lmAzxkvvbd4upL7wLMWDicT7O0y.E/QlYpSsOY0Xgt6
user434	user434	user434	$2a$10$JP/VMg.007F8U0SGbZmMoOxm0KEPrAh9oB9Lycq3UAwHt/Jn4vDUm
user435	user435	user435	$2a$10$Q1WHTbwFL/W8uOHyDTLPc.BW.sQ2884THn94KllWjoe9fZ/7w/ELm
user436	user436	user436	$2a$10$Yi.StIskxomW.fnWRzCqvuc9QcWdPEKXiaU1dmmOsLr0TPiCB48bG
user437	user437	user437	$2a$10$LiL0B3ya58m/oK0z5rAmoeIrZ/IBjC1fBwXuVsMiDl9OyeKo1qF7G
user438	user438	user438	$2a$10$A8PgOLnAlmNS2h2F5mygMeuEXgkJ3JhTPrpMoN1a7nfTKoH5wpYAO
user439	user439	user439	$2a$10$UQJ0HeNn7S3wH7ra4EVt.O6N0wb.fLoKdztk5lMBRDrrJ9GACCyQa
user440	user440	user440	$2a$10$e/INFyTNeNkMSMK8Yl2LF.NqVeNLmYEnquEmkTOSj.tcAceaBSHH.
user441	user441	user441	$2a$10$IljJmF./gX9yCleTu64W/OupS1yV1.3B73cOCgPLASPbnlX4r1fcS
user442	user442	user442	$2a$10$wZcrQvb/6LtWTq5huALwb.lZ.7yRleUD1kWyadij9LGDc/q0c9egm
user443	user443	user443	$2a$10$Bi45OA25hRglmMyavzwoNOr6sysnMbRB0mIzc3SEDrsrWkQ6thCoW
user444	user444	user444	$2a$10$UZxgM9858dvxp3yA5zHUg.A4jH.8R0FGeqAYwQvd5bsiVX81V9ukG
user445	user445	user445	$2a$10$9U5Fux1FKJZ2Lap35rZ/nue7vT5kWswr3DQuhsHy3T/kZoHaFMCUC
user446	user446	user446	$2a$10$Qco3vq.knAdv2P4mejmRWOcLqHv2HhALLcuNPTVsTH3XOaNXbnp1K
user447	user447	user447	$2a$10$DJmMFk1oi4FVPRW4DD6jKOKT/.hvhWEz0CIy0IUP6rs2XONVP2YL2
user448	user448	user448	$2a$10$R9g09Ol4.Ww4QT4XyUS8j.FkS9r/09KMbAEWaHEdt0XU9fWp4N0bm
user449	user449	user449	$2a$10$qcLwr6XR63gOUoXJjBGvJuF2oKMS0/3aAbnL3/aiuA.13VLsbki9a
user450	user450	user450	$2a$10$D1phXCSGXgG7j0ogBkGZgucr5nUfnmIWEXQ9t46pqZ.WSf2e1WE2W
user451	user451	user451	$2a$10$mLGi/NyCFgOIBTYUxAj7T.Zei28UzkxnrCNz1Qy267NDxi2oGJVMe
user452	user452	user452	$2a$10$tOkME2JFVC9vXFf2gURvtuUy2gV2jNBIS/FKMuXQhkGP3P9Q.21aK
user453	user453	user453	$2a$10$FlR7pVJyos3IE8Itj30W3u9GPUXwwK7rFC1KS8foQdaJbxxvNIqT2
user454	user454	user454	$2a$10$C/Bl430kgUKXEJL2QNW0huTAZpX7KAfgXKpZWEiSFEIVNWuaMRici
user455	user455	user455	$2a$10$yt7XzMk3TzGEzVMSsPaNQeUeWFj.1ysHJtPXRS0jvGub3Lh4B9gOy
user456	user456	user456	$2a$10$s6Boh1ZBr1j6ZWh6cGxHAu2Zb1fva8.sYoSUceD57xVu1mwHGvw/S
user457	user457	user457	$2a$10$sLDy64Nmjbxiolq5bA7hPushYcjTa3h.7cp.YAsRI936TmTXuRTZ.
user458	user458	user458	$2a$10$wSCWcEUq6MxGhPW.YAelueP41alq5Eo9eB5mOwvkkSUkOmJwUkbDi
user459	user459	user459	$2a$10$7p9/2d29/fnJ.m2rSg5zsuWngs5Ib6PR/I.9AEalDWstB1yR3HnyK
user460	user460	user460	$2a$10$8Rk0cVUz.lyKbeeOGQsN..keJ4mhM4vIFZ8DZPA49NA2Z7LpOl/Yi
user461	user461	user461	$2a$10$fTS4rf5bvV5dlnl6E3bmFOKUqAPOmkBqg1.qAwVBulzPNqLCy9Xpm
user462	user462	user462	$2a$10$SG.OZIVZNAjtuZ9PtyvcQOjHnVCo94wpF3TB6OlswIXRuuubi78Si
user463	user463	user463	$2a$10$rE4dS33OnS8pEMurevKX/O7JVXJXgu51l7XqotDPlff8VDf3UaWS.
user464	user464	user464	$2a$10$MgkP/HRSK/yuR4p1NawdQOD9w7UmY8ktHPyMMacDcqwD9Vsmbxwxe
user465	user465	user465	$2a$10$Fk48DQsS04XyiCUymVRxFe9OUvgfUQxPqZPMAjeoL3G1CZ76GgyCq
user466	user466	user466	$2a$10$zb/po9XeQo2zWyuHIZbYnewwDPRhlEDMRncwevJapEbqdbKlnVEIq
user467	user467	user467	$2a$10$h6SiCdCLyKZpH1.1/saoL.aUSww5sl1fMM5u4WHvDBKjZLqMy7f5a
user468	user468	user468	$2a$10$N9eJfh61YQML.X5qu0RLB.W/oaS9nSTkhh4GF59D0ac1.ceecBiZG
user469	user469	user469	$2a$10$DiXRKsyw14xB9alKbY.1bO3lYOYNKGWMptGa6v7.YDdXOFIoegPtq
user470	user470	user470	$2a$10$GuqVl85AH3htyIGCfFOVzOKAnXwjCX4cnrSHCyaPI47x5VLajzDaS
user471	user471	user471	$2a$10$RwxbxRSnfen0i5AbTFyhYuDRODd2Vnow0lQ9v6ceEAiRQiyzEmVbW
user472	user472	user472	$2a$10$AGeKLv6afhH8cRULC.z6J.xk0...feABLdNMz210KlqEEiNgmtRae
user473	user473	user473	$2a$10$m/YEokr39V9dQy0VeA1rsuaUnB.XU/OXrrK9pcdC2yirIrXt1Yzy6
user474	user474	user474	$2a$10$7J7RdPTNY38DKxTbgfshSeqz6Cxf2PcVuRedwLOddkKdsKqvkSvFq
user475	user475	user475	$2a$10$BHY.VrB5qNinR7sFhhKgdOol88V77eQkHvOiMHduyA/eGv07ObpLG
user476	user476	user476	$2a$10$3RWQrfvGplyvU28XjWM6YemyvMqp93uk7mwx2qj2GtM94Y6KhtQiu
user477	user477	user477	$2a$10$rY3SE6YtcQkj7BF0aE4X4e8WFC7XN4NwEBOZvbfhZFFDUYtmyaA.u
user478	user478	user478	$2a$10$tsZqzd1MLNYSVSTCrZfa7O8pCpF5.0NwaFGcaGNwL7yf0mpGYYTdi
user479	user479	user479	$2a$10$5jKuMuUltRjqS044BoXBDubcxJduocg/aT.azU5umBxDqVe2SiVPW
user480	user480	user480	$2a$10$d1y9PdM07zzcmVi/s.53HOU2EVv90UzibmHZL70yKYOcJ5Dbqck/C
user481	user481	user481	$2a$10$qYFcWmVKzpGqYAyRl0Xh0u.5QR7yKzxTVUcizErPgtKawepgnpi66
user482	user482	user482	$2a$10$PqT4PBqgDzRy48fHhtyW5eCkg5UZkNJXscOfUh0YcI6/s4PZaQ..O
user483	user483	user483	$2a$10$Uxy8SU/OMBSWScuZnW7fveSjhFYL0lOJsndmLj/bVuDmpjC2CLZZy
user484	user484	user484	$2a$10$EJSPtWgeDJ8HU.6BLyI.iuY.nM7TrlEITan.dtw1gW7VRrrM1Mcnu
user485	user485	user485	$2a$10$VYzmaitwHoDOe68JLFwecOBTXWM8BKu/eIMjTCb0l1kfMDoFI3aky
user486	user486	user486	$2a$10$o/IZCykmvoKuZ7.bwMlA6.ohphmM/FzEPR1bI43QZ7q7FL4QBuMPS
user487	user487	user487	$2a$10$RM4VJKZSzMgR0aj6.CE6c.yck5oKxFmq0rBuyG720tE5XFjG5d0UW
user488	user488	user488	$2a$10$avKTgkb.gdEOk0bUXnNOpuszazvmi3XQ7sbyCA3vijWMfrrHHLKA6
user489	user489	user489	$2a$10$O7rcEzRO4/9mOSup0B4zHO/VGHufWY.p929i8cnWVCdjaMDOLHzBa
user490	user490	user490	$2a$10$kbtPQRHyzaZs24qH01ljwure8isH5IOBE7b5ly5/0hGsoZ0/0J5n2
user491	user491	user491	$2a$10$VvYhxh/wZwqvW7yW9OzRFunPeRpR9r0SVbB5LZBAoFAN2UxGlL9xO
user492	user492	user492	$2a$10$EBGmLn9/8KqL1m9IZggfi.OVlst9DSoVYy8bAfKI6aRywhKGbnS52
user493	user493	user493	$2a$10$jI2mmFw5FhIdqXokUSsSjucej7n7.h6LGpvLb1mMTO8ag5S6UUr5i
user494	user494	user494	$2a$10$mnO7kB4rbOxS4uk8u0HwmuSy/TrCed7cKmnuaGQDPzgc1Am30irn2
user495	user495	user495	$2a$10$D7FEjCWn4KnS0GI3DKl.oux6q7RgoOewyS6XW.TO53PObe43C9C6C
user496	user496	user496	$2a$10$9dS/8B4RYUzZKQ2bV.Hf1u2AG6aV1g.wDypA6q5gJz3d2bsK/.OXK
user497	user497	user497	$2a$10$k33h6GKQvt7QqfB6NZt47OABHJydjXTkLinDsGWid4tcydb6GO.Ze
user498	user498	user498	$2a$10$30v72W59hXrtTr6IX0siKO6Ub6k8v16CjIPj9sEhlB8SLYscLhPOO
user499	user499	user499	$2a$10$yay644ewUVcXUPZbyUK71ud7p7JSNyN.kKSg4T5QqKpUhvqNWCt7G
user1	user1	user1	$2a$10$Bu.klFgbL02uN7gVvtzSp.Irn/piHfIbeaB6K1FPWKCgeWUU1dxMq
user2	user2	user2	$2a$10$dvWBfpHB2NsHjoaFg/DS0eYDyaWsnqZit/5iSCIPIDwzkVv0/CEu2
user3	user3	user3	$2a$10$RVfw.b31uduWthD.QJ2I3Olihc51/fqJq1aQByxhqSeaxnfSetvvy
user4	user4	user4	$2a$10$pqLQB1DgFafVeiq0edaYQOPH0lMghMaPSRpUXTu/YpPli5wAwZqtq
user5	user5	user5	$2a$10$uKp5dov2r9WjtLSImMPFLOb6nDFIgdfAC55Qb2CCbfzy.xkcl6kZS
user6	user6	user6	$2a$10$BDCw2MDitD8/YfcDCb4SguePR28rhWI8owB4TJIXH2sl/5YZjwHoK
user7	user7	user7	$2a$10$7XelbPXGVKqJFDXoAIKrxuPwcWNsM107qdEk26AXnHXORvu19CgSa
user8	user8	user8	$2a$10$77mgakJCmIs31aVq7qeGnuVbqO4bhhqYCmuKMA5u02kFfAOCvfrUW
user9	user9	user9	$2a$10$WUPN5pZFnTZJ2rzUL45zCubCU71NtYBn7wcuOl.fsvFWD9/WUv15q
user10	user10	user10	$2a$10$sXpT1L7NEcK3Nc2EosCY8.KTCgjB.f21AWBPK1sIIuMEIpN.GQSXu
user11	user11	user11	$2a$10$NskhmHixiWDEfDDMJYRzDeEGafLNvqLcPQdmpakGrrr8wWqKaPnOO
user12	user12	user12	$2a$10$JcR4zkiQbQw60M0co9mk5e0jmWaLcU8D.RBpR19J6OROsfovmZCbu
user13	user13	user13	$2a$10$/zCktoxaZJtnBcCQRxy0DO6g39xOvvFovat6fDl4w8HAEsN9KGMxm
user14	user14	user14	$2a$10$fGIwb86yx.5wMVgey6x67OVgFocRZdaUUrz/vYCU9486ZbMsKTpUS
user15	user15	user15	$2a$10$ce829OK8MNmQm93njrj.Fe3HkU6oF84cuy2fenFuWnycY0K90EhAu
user16	user16	user16	$2a$10$SIcpkHEm1Kj1EtDjF1Lc4OazUyqv5wgnBuXSGBBmNBRf0PC6J3AgW
user17	user17	user17	$2a$10$pfYgMx9kwcBVsq.7GVCt0Ojwq2NATMakpVi7XXhuOW.o23ji4OARa
user18	user18	user18	$2a$10$bAL5UMUbHutnf91aD1wPk.QsKexEzrIgOWF1jcUeBJZRZ1Zkljr2G
user19	user19	user19	$2a$10$FqPuQS09njzYh.yy4cInxux6dECr7KTor9X7iqpm3euw97uLHbX9a
user20	user20	user20	$2a$10$7BqfprCDs6kGjcGqOEkomuD7.0OlqxoHo/W3QfHCPSSRasylc5A0W
user21	user21	user21	$2a$10$izOCRYg.Al3qboUJwppOM.Sn5fMbXu.BGBWKEkGsKZXz8t6bKfRBa
user22	user22	user22	$2a$10$Jbk7wkJIO3U46YyayjsgYOuYm4yhMijj8GzGbr0F46eMm09sgqf7K
user23	user23	user23	$2a$10$qclU9B9OPzKw8cwkdnOUyeAPu8Xrqjj53.EchcntOb.1/bxh8aW.K
user24	user24	user24	$2a$10$oV0LHL4WbQEM/oQd9oeYUeCzSTxQvoAa5ohndKaO9smFesaKS3uS6
user25	user25	user25	$2a$10$gkrZH.CRVn4dhCqL3hzAsuqN4DDwZEV.n5rogaaxbC3FcCphLi7FS
user26	user26	user26	$2a$10$kq6hIfofK.flFCqka/7MuO0MpTmmVcBsQ4ArAlb.GCNAYsNthcwXC
user27	user27	user27	$2a$10$Jjje6aZj/bCVgyaQjKuuKOHT4yQ4Jn7H.bb8UlKqSK9KP//ru6c42
user28	user28	user28	$2a$10$1BGyxlspXOwC8WXyIlMpTuwI6KHGhk.uXHRMc8KmTWRO7MjdwOvOC
user29	user29	user29	$2a$10$FXA7RV1gHfBxIr09HqfSaecjNuQp8RSYafik8LgWpLJQ5p/NckZEu
user30	user30	user30	$2a$10$UeRGC67M7GFH5atLe/JT0OPvnSYW.atQzsVjgcKvC5EDYAB2gjKQC
user31	user31	user31	$2a$10$paGlLN6Az6lXZQ9rtdlVBu2sfMUHUFCDta0UPmbFuH6okDW5D0qW2
user32	user32	user32	$2a$10$y6lqpRVSuIxmFOxIcoEWve3FltkMoaZM1VhnbyC7sz0SJbcXVpqDi
user33	user33	user33	$2a$10$AERSTixzY2CuYp51e9HotOx3SYwj9HQ7oE.L.gnR6j2LAL7W4v7HO
user34	user34	user34	$2a$10$4OZ9IT.0aVygMHR1lTW3f.Uf9yy/2CIF1YPJF4HwwE80eUqiEj14S
user35	user35	user35	$2a$10$q5KLwm.Gd4aGe/Gjl/9KYOrqQXkBtva2gZTfcnrJJM3HdluOby8Tm
user36	user36	user36	$2a$10$XzyEA74YbXjraxCrO6lUrubt7G8ezhXWPfNp6o6X94Yks9/4dvPKa
user37	user37	user37	$2a$10$lQHV3RhYvX0deC6BVfa48.CLYhNn3eWN9s8epMQ.hSw.L2dbD79c6
user38	user38	user38	$2a$10$Zu/fCiTFkUj0MTpDI4jtyu0jbrcDlJilcYeGWydn.Rfzl14PRi4v.
user39	user39	user39	$2a$10$XvbdV1D9fTBsAhSoSBfcQeUV8vnN.uyFLrXzs61Kx45XBwZNYl5Wq
user40	user40	user40	$2a$10$X0mTvYutxEaIy8yBCalKheA5vkemYMbOqD0HwxMNn3w3FbyGpb2pm
user41	user41	user41	$2a$10$4pe7Der2PgzDuJga5mNE2eUOBAIDus3cwMbhQSA2NET4jgiazMw0m
user42	user42	user42	$2a$10$B5h1PndWOz4cbH6vW0mes.H0YXZOw9TEMK5NZ3qpDPZW.biYYdaha
user43	user43	user43	$2a$10$d2o./kw1ysy.t0Vf.zn0ouXDzijnkLhSUAIPSe5AgyWKBM4e1WCnO
user44	user44	user44	$2a$10$.lipo0.Vy3k/vpvNsSUqS.bei1kNDws.MLvpqZR75K/Az8itVFsHq
user45	user45	user45	$2a$10$KOUi6KPYyY7vkrCQjROLvusFqspbcEYM0q3DfRiipIa69LlIAX.pS
user46	user46	user46	$2a$10$0yclEGw3m3sH9LmyylUkE.7QXruwgn94CpgbIazYToH7DGTV2BTLq
user47	user47	user47	$2a$10$aHdMLRi7TyqkVgnDEEJJ5.9q.s4ztIhcw0EpHGJSARnq8YuY5ILlm
user48	user48	user48	$2a$10$J2V5CD0DnXWBxj/AlO8g/.e2Wy/PyMBvkSlX18mQFdppMPeB71bBG
user49	user49	user49	$2a$10$azIIFE0yI.Ov7cuTir/s4e1YSubFTslgzgu3bgWdTjHJsQ4Pg2Iwe
user50	user50	user50	$2a$10$SkyS5J0VHfGcjIMKgkY7oudPX8yoNtKGPUXbEhwpbIdIBTW//pp8u
user51	user51	user51	$2a$10$owZVsOtaeNq.f/ur1pYKDexRarddN92BVYXttLnxjz07aWGB0dgU6
user52	user52	user52	$2a$10$.7W6z6yYGva7yr9G3ymRqeb8L81wM/Izq9hrnxz3cVDhdcCA9X7te
user53	user53	user53	$2a$10$EMxleDHvow3gArexlaacsuHEMHDxEWpWUD5JiJKZyfu6OVpJNPkFi
user54	user54	user54	$2a$10$NHa2cPtvIDzU4uCzROdRQugpIy.sxNlVvLG2c4TgxTZbc/Qb3QaF6
user55	user55	user55	$2a$10$kG43Q0jrSawUmbXd54AZ.ujSzgrYocgquTHn9cJ39H3qK.Xh3dCTG
user56	user56	user56	$2a$10$r2LVPcl7DEerr2JzXmnS4.qLfcPZzIX7aKjhCI9L5m2rMjhDPMZOi
user57	user57	user57	$2a$10$k3yBJf65GYZEJJ5PRU6HzOLclhy/DpKj3go52.TY8wI2dKpSKkjKS
user58	user58	user58	$2a$10$/qcVLYptj5bVflF7EwqiUuaokSli11t.xIIeTD9xi8C8QtoE1U0zW
user59	user59	user59	$2a$10$aTznPTydok9lItAxl8KGKe4hSPuKJ5sYB0/0rukPypqNZ/eEFFnTW
user60	user60	user60	$2a$10$FOSHU/SuLM3bBdyVNpGnuuOf.LIYV45EwgPBVte/rLruiodLfqdx2
user61	user61	user61	$2a$10$m5gpaGH04XMaLzi0gRUTDe8eGGkVmTnsgXKJKmPv/yrP.OWQmt6xa
user62	user62	user62	$2a$10$5S9m2EZopjAJpu3W8ZFSjOi9ifk8nd6Uz7Ay2gPfq4A0F7Ec1qlyq
user63	user63	user63	$2a$10$VN4fsxlgklQAYqjAxfpyOuuh4eiPy7tlHj9SMKGe5MQXw/U3DYTSa
user64	user64	user64	$2a$10$Qhwuy3JEg1NBbFThYbM3UemR9p/uy47.b0JY1TNQJVAnPLbDHSNFm
user65	user65	user65	$2a$10$9qLZHIi3FaRlSNoyeIyD2evZgkbTnoBAjt6Bw4VpTQkLzul.ASpke
user66	user66	user66	$2a$10$hlKsmBe1mWX/jOpUQgXTiOa9e3P/c9jMiCmnFi8osIXdoE8lTv05O
user67	user67	user67	$2a$10$ZWWgDn62wZ4gWVW6mlk0yeZbtAH9uS6ejIkNU44H/x8Mh.x65FREa
user68	user68	user68	$2a$10$al9Wyhkxe6.MXaD5LDwFceLdIdNPfH1AAEC2wvgMArofQHWM19fSW
user69	user69	user69	$2a$10$MGHR46qC8hiHFELHLjO1uutzY1xqFJ39QMgQG8RpjPY.vPQRXr3Ky
user70	user70	user70	$2a$10$Jm.czCosV8a8vF21WModzeuubCIZJG6ReQKhBxoG47B.j8XBCgP5G
user71	user71	user71	$2a$10$0cD5jwNUsw6b8Uxqap3z8OAkJK823B6HFSs/Le4QywlMPIgUndd/O
user72	user72	user72	$2a$10$Fxp70QTzZB.Up8p7.FlJ.eDeotNc0k.vyPDCBcIlU9sPgdOC8x2GO
user73	user73	user73	$2a$10$1iFQJ5cmdt5tJTygMU3iu.CR.6u4WdswHSsn28vsrCdwWoQTkUlpm
user74	user74	user74	$2a$10$jiVuUb/TZNdvPxaudaDQluaBdAZ4iwBkOZF7vN.Alo2a/s8e5DJJi
user75	user75	user75	$2a$10$yR.LJX1Y9LguaIrRNpAR1eqMNVij2s434JB8WcRhHuc2ly/yUU1KW
user76	user76	user76	$2a$10$UG2RjDEcG02wud16GDW.He0qQLoQvCBgQNWvFa23nW.2Cuu6MY3Ky
user77	user77	user77	$2a$10$FUM22T0uGFZ/JvImIkHqjuEkdmQuQWqWrIYCIOJKj45exRUnheHQa
user78	user78	user78	$2a$10$NrWLZ6DYDf4AonU/1pOzBei8AIj.GGkhI7myOgsOHafUz6GdVeChC
user79	user79	user79	$2a$10$.StZQZJIQtrsdEYOV9.xOOPLHosTKdn/uysG1nqXY2p280hPBU4Pi
user80	user80	user80	$2a$10$Szw7fMomZNKvVskYGqh2muR44CLgR0Cw5PwFFXozkgdCMymEH202i
user81	user81	user81	$2a$10$eB8TFutZcfBVPzudy2xzqufucCJOKhcpjMEXJ1LEIl4PrUqjfypbq
user82	user82	user82	$2a$10$Xb28xtT2QtcbAqTyn/OUvuOTEtGguKv6MEaGm1PixbE795pKxQjn6
user83	user83	user83	$2a$10$MmZQD3yDYQSZTK.5JeIsLO.tJsQIBJhnXSf2/AuBktdno2ThgUsba
user84	user84	user84	$2a$10$3TzY8wFUv7Hd3f58YM1.U.FWoLKkz.SFLPQkbflJ4DhuvRPyv2rHe
user85	user85	user85	$2a$10$bDJLRA5YKzykyYEAXSY6p.MIF3iL3lPmFUG04Ml8XrfF6t7a5nsUm
user86	user86	user86	$2a$10$cTqotSWR/M6zqPTrt5TvW.V.YF5Q/YTTA5Yz5kLzUXbWRQ6ipQmGu
user87	user87	user87	$2a$10$ZwIuZgsSy3QkyY5x6kmnLuMT7N.8smK1mKQiTDCiyc1I7i0alBOWG
user88	user88	user88	$2a$10$jYELI2Jt2OpwpXxS/mr/yuul88cO.OXMX7rk3wHKJAeJpnAzA/bM2
user89	user89	user89	$2a$10$slPuZ6WQ/JD5HXlav3XlsuIe9xbjXRi5Ju5zEL8ryvOyqJfCDtUga
user90	user90	user90	$2a$10$/475nB4h9oW3aCWJp9f7wuo6w1VJ1U6t.YDhM8QVRaBFh110MN.ZW
user91	user91	user91	$2a$10$aFZGu4f3EdkbbcBlb36qr.685kGS4zjnNcNplwuUQO4tu3I4Z1IdO
user92	user92	user92	$2a$10$tpRkBOSjxsWdnkzXdqLyjuQcMXDowRAmNPrkhOpUAttAg2krKmBDe
user93	user93	user93	$2a$10$GXsQxj8S3Nh4HsiVcOn0Z.AYzAWRsel4FSGlEbBt36dJUBzd0QIQW
user94	user94	user94	$2a$10$8DBioS2R0FuFm5u3OdBFCOuQG/Pq4pVCcdpR1pHXy.3qOAqx2n80a
user95	user95	user95	$2a$10$0xIw9dXrkOHWqyB51q2OYu5wHeUpTh0enKvqgjOoYd4EGJsKO2.1y
user96	user96	user96	$2a$10$KZCF6VcahcojF1bh4fV6yetEKgVcUpFOKO1xK8XmEMySHnUabExMS
user97	user97	user97	$2a$10$4qVP.SYu1yNtLAqbs46vjOn5id5ZrifBwqvsOt4qW.aO7pNxgy3zG
user98	user98	user98	$2a$10$AOsW68q6TCNJNUlHuV5/.ub63milc7gzHEldWUuq38VKF7Bxs7Oj.
user99	user99	user99	$2a$10$2nQV1e/AnujlFY0MkCDm1OUddfLus9MUA2VvVj9iLm5snnl6V7AQ6
user100	user100	user100	$2a$10$IuLlUR85VZ2ZL49L/W8Vj.i9RNFpAvJjgXGj.rTuHN6fvCPEQqiHq
user101	user101	user101	$2a$10$dISrqc4ccEn7JTChxiGei.K.NO1FTVHTiLxEMl.Tm3hm4pkDYFYqW
user102	user102	user102	$2a$10$.5C5/lnJyNLlJQtXkQiROeM36VTtrlF6orSh2TefO2ef3R9S5d2O2
user103	user103	user103	$2a$10$.9wyV29B/D/51epPColrjeOgjXS17Y6jhwrnYSviSn1pGw7Gcr6YW
user104	user104	user104	$2a$10$xJuXM21nlMmTXbxrogzoZeRNDImK35ViOMdgy.JzKkN3TkAgjXRkS
user105	user105	user105	$2a$10$XXprCI.BoiXVYMFc9jATq.kxMP5MddtxvoV4hXl.GY9RSf6RC1Dhy
user106	user106	user106	$2a$10$MqBYFybIv4kCbEqP4S/STud3s33dDWeyfJuO3YHfqcTMZEqeNlxG6
user107	user107	user107	$2a$10$HCYGvjrogOHUiKj7EjwBiuMd8wBpeEsPeQ06heu13hQGbyvFaAw0q
user108	user108	user108	$2a$10$5eB3.JG.1sRzJIxvLDVlX.w.b.JNg6bAgmPJ0cBREg2L3CECuLql6
user109	user109	user109	$2a$10$DuwcDwvWahClAaPJ94LsTupEgfgpKuppKTkFn5DqBe3vdO7VcduKy
user110	user110	user110	$2a$10$W4l1tPAH2oibv1v/FscUc.QL/O7857XuWzPXf9ZAdEBIRqfmyamyq
user111	user111	user111	$2a$10$SzM8t0PxraWPgnqLw/itvO9Gty.R9jikrQE3Gp9Ls0ZUujLZ26ywe
user112	user112	user112	$2a$10$BhsrTtyPU7RWLRmBi.5Ca.H1Z.s/emBDdpkHa14y8jSc6DzkOPlge
user113	user113	user113	$2a$10$Srea1wYow0M0anPo7/rxruQEEOulkyWXYZJz2p3oxrJhKj9Bglcj6
user114	user114	user114	$2a$10$c2NUbCoWw8ZQOKZJNXj/kO6QBs/dE7cu7T9uzMcmmnhEMJ8qaEG.W
user115	user115	user115	$2a$10$018tuDrxAlanbkDg2eC.1uDelgRsmQyU5aenC4VWp44R4JGMMGLAa
user116	user116	user116	$2a$10$g2pDA7MzJNnCRqL1fcpv7uUKIP21cbxoKQlBR1ToLABVdZbJIAV.e
user117	user117	user117	$2a$10$udGbWG2nS4wHx/f8OYloKOk8PmE3VnUGGW6bTsXpPm3EyRzCycLI.
user118	user118	user118	$2a$10$DJWQUxs4EnSi0EM/Y.y.N.ytOm.u7rElLnclryDZi/Wa/SEail5iS
user119	user119	user119	$2a$10$/3RuImNG.v40banYqC5ELO1llaTv2CgTV0z1S4U3NBHHI//JeeI.y
user120	user120	user120	$2a$10$N5NBQhDjr/UonEaYyEEGyuPt.KRCB6FejZ9KQmOkE1rBSuqukEOZa
user121	user121	user121	$2a$10$J0AHrUgAMRncnUTUubrDNOMxuztxI0jqtXqoOkrJwTRaF2eGhH146
user122	user122	user122	$2a$10$LJUjUOcxlq9YPgGOskJ8temirMa..CCjONsSlWWASGhXqds0QWikK
user123	user123	user123	$2a$10$/x6Ni8Lu3ZzJt3hfx8QzienLpvo6pIi60/aSJffD4ktByIvChHJCG
user124	user124	user124	$2a$10$GRbcDOTOIgGM3Xj3beO6OugfwBrt90BWCkcsndrq2ZOdBUl89IXOS
user125	user125	user125	$2a$10$hw.uGD.vU4pCGxMsw4b9Oe/9hloYAdFh6sEYfjMVM5S5Xs99Naf66
user126	user126	user126	$2a$10$vvoXadbQwVqImteoO/LRZ.bXzlCZwKNaxYnVmEuZbU1bxp6cfiWWi
user127	user127	user127	$2a$10$umUV1NjeI02DPBsrr17xcuWplEG1dfMG8IbD9iGGDunMI0X3GxwMy
user128	user128	user128	$2a$10$hw3COW0tCtNyizEM6GVzaOzZ5IBmL4oMuJ1DWqNqTW6lHPKW/Tydi
user129	user129	user129	$2a$10$nRl.g3K2e/kv2KHHZkHZ1ObOKQSq02ePJyZWKMjbRqBSJAF6V1y/6
user130	user130	user130	$2a$10$qb/EFYZGA/rQIZ1RxjG9AOX12vdiH.F6bHjmKTPwNZdt6zh4N0Fuq
user131	user131	user131	$2a$10$Talx2usod/eKpnPP8Tur1uj5PZqgvHzffmGtZPqzZQkA.A7SE/Q9m
user132	user132	user132	$2a$10$jOSHn8LEKmYoB7UhQv79H.IQVEZSleH2JIAQzQuAQUYTw/xEeamMi
user133	user133	user133	$2a$10$u98LQ2XCt/27dExNly/1p.6XldA0O0whz6pJP8LVo7BZ8pVbqMC.u
user134	user134	user134	$2a$10$MINk.sFSjC1DgY/hdN0MLucCtbAy3peqEWZU0IaLgXgHktuqj0bc.
user135	user135	user135	$2a$10$sR5YzuAaXFRFd7iKaZv5BO03wuHJu0xyESWOIPF77SMbhLyEYOlB6
user136	user136	user136	$2a$10$CKkvYvDV0j2xGKsUwExyG.eWT0ZU.xMcCgzmaznvsxcZiO16ULlHm
user137	user137	user137	$2a$10$mZK5OgdlOSqX.YUmFEO3iuIZlDQ6eXNiPprJxQH8jjs2pOF/6EQge
user138	user138	user138	$2a$10$ocfCjI7uIUeKWoFy8hgG2eEIJos2TFQv3ICHNmoSILGYXcn1Q9GNm
user139	user139	user139	$2a$10$RUMdG9YHrMjIvYqqno/J1uyfS4JrX2ITw1jh/hkWZ4NXlzcMM2yLm
user140	user140	user140	$2a$10$DHEK3gFS6uxOG4TdrU8xm.f1nOQQGEhY5HObcdQ7pLEBAytXNaDlO
user141	user141	user141	$2a$10$K3Dbn6WrVtz2YzLBzmrqd.TKT5UUCr4Xk/59Jjn9sKoOag7LITG/C
user142	user142	user142	$2a$10$Oyo4eLygYqNoz4sqh9g.WORXU4Y35de/tfEs1CYW8.7Twi1MbvT/O
user143	user143	user143	$2a$10$7vogJHPo122k.sn4rtm98.iNZS/.xfzQrEB3u0FI3jqT5vC7DAkZm
user144	user144	user144	$2a$10$zSV/OG74AQLk33odxL1v0esooQpmkk8gv7/x.L1XHVQ3yp8JS7fWq
user145	user145	user145	$2a$10$8WwHk99zDDuddzkfhmLpx.EjTo.U5pM7dVnY8lGzrFzjXjmlUJ7bG
\.


--
-- TOC entry 3518 (class 0 OID 17385)
-- Dependencies: 274
-- Data for Name: users_roles; Type: TABLE DATA; Schema: public; Owner: postgres
--

COPY public.users_roles (user_id, role_id) FROM stdin;
admin	ADMIN
user1	ADMIN
user2	ADMIN
user3	ADMIN
user4	ADMIN
user5	ADMIN
user6	ADMIN
user7	ADMIN
user8	ADMIN
user9	ADMIN
user10	ADMIN
user11	ADMIN
user12	ADMIN
user13	ADMIN
user14	ADMIN
user15	ADMIN
user16	ADMIN
user17	ADMIN
user18	ADMIN
user19	ADMIN
user20	ADMIN
user21	ADMIN
user22	ADMIN
user23	ADMIN
user24	ADMIN
user25	ADMIN
user26	ADMIN
user27	ADMIN
user28	ADMIN
user29	ADMIN
user30	ADMIN
user31	ADMIN
user32	ADMIN
user33	ADMIN
user34	ADMIN
user35	ADMIN
user36	ADMIN
user37	ADMIN
user38	ADMIN
user39	ADMIN
user40	ADMIN
user41	ADMIN
user42	ADMIN
user43	ADMIN
user44	ADMIN
user45	ADMIN
user46	ADMIN
user47	ADMIN
user48	ADMIN
user49	ADMIN
user50	ADMIN
user51	ADMIN
user52	ADMIN
user53	ADMIN
user54	ADMIN
user55	ADMIN
user56	ADMIN
user57	ADMIN
user58	ADMIN
user59	ADMIN
user60	ADMIN
user61	ADMIN
user62	ADMIN
user63	ADMIN
user64	ADMIN
user65	ADMIN
user66	ADMIN
user67	ADMIN
user68	ADMIN
user69	ADMIN
user70	ADMIN
user71	ADMIN
user72	ADMIN
user73	ADMIN
user74	ADMIN
user75	ADMIN
user76	ADMIN
user77	ADMIN
user78	ADMIN
user79	ADMIN
user80	ADMIN
user81	ADMIN
user82	ADMIN
user83	ADMIN
user84	ADMIN
user85	ADMIN
user86	ADMIN
user87	ADMIN
user88	ADMIN
user89	ADMIN
user90	ADMIN
user91	ADMIN
user92	ADMIN
user93	ADMIN
user94	ADMIN
user95	ADMIN
user96	ADMIN
user97	ADMIN
user98	ADMIN
user99	ADMIN
user100	ADMIN
user101	USER
user102	USER
user103	USER
user104	USER
user105	USER
user106	USER
user107	USER
user108	USER
user109	USER
user110	USER
user111	USER
user112	USER
user113	USER
user114	USER
user115	USER
user116	USER
user117	USER
user118	USER
user119	USER
user120	USER
user121	USER
user122	USER
user123	USER
user124	USER
user125	USER
user126	USER
user127	USER
user128	USER
user129	USER
user130	USER
user131	USER
user132	USER
user133	USER
user134	USER
user135	USER
user136	USER
user137	USER
user138	USER
user139	USER
user140	USER
user141	USER
user142	USER
user143	USER
user144	USER
user145	USER
user146	USER
user147	USER
user148	USER
user149	USER
user150	USER
user151	USER
user152	USER
user153	USER
user154	USER
user155	USER
user156	USER
user157	USER
user158	USER
user159	USER
user160	USER
user161	USER
user162	USER
user163	USER
user164	USER
user165	USER
user166	USER
user167	USER
user168	USER
user169	USER
user170	USER
user171	USER
user172	USER
user173	USER
user174	USER
user175	USER
user176	USER
user177	USER
user178	USER
user179	USER
user180	USER
user181	USER
user182	USER
user183	USER
user184	USER
user185	USER
user186	USER
user187	USER
user188	USER
user189	USER
user190	USER
user191	USER
user192	USER
user193	USER
user194	USER
user195	USER
user196	USER
user197	USER
user198	USER
user199	USER
user200	USER
user201	USER
user202	USER
user203	USER
user204	USER
user205	USER
user206	USER
user207	USER
user208	USER
user209	USER
user210	USER
user211	USER
user212	USER
user213	USER
user214	USER
user215	USER
user216	USER
user217	USER
user218	USER
user219	USER
user220	USER
user221	USER
user222	USER
user223	USER
user224	USER
user225	USER
user226	USER
user227	USER
user228	USER
user229	USER
user230	USER
user231	USER
user232	USER
user233	USER
user234	USER
user235	USER
user236	USER
user237	USER
user238	USER
user239	USER
user240	USER
user241	USER
user242	USER
user243	USER
user244	USER
user245	USER
user246	USER
user247	USER
user248	USER
user249	USER
user250	USER
user251	USER
user252	USER
user253	USER
user254	USER
user255	USER
user256	USER
user257	USER
user258	USER
user259	USER
user260	USER
user261	USER
user262	USER
user263	USER
user264	USER
user265	USER
user266	USER
user267	USER
user268	USER
user269	USER
user270	USER
user271	USER
user272	USER
user273	USER
user274	USER
user275	USER
user276	USER
user277	USER
user278	USER
user279	USER
user280	USER
user281	USER
user282	USER
user283	USER
user284	USER
user285	USER
user286	USER
user287	USER
user288	USER
user289	USER
user290	USER
user291	USER
user292	USER
user293	USER
user294	USER
user295	USER
user296	USER
user297	USER
user298	USER
user299	USER
user300	USER
user301	USER
user302	USER
user303	USER
user304	USER
user305	USER
user306	USER
user307	USER
user308	USER
user309	USER
user310	USER
user311	USER
user312	USER
user313	USER
user314	USER
user315	USER
user316	USER
user317	USER
user318	USER
user319	USER
user320	USER
user321	USER
user322	USER
user323	USER
user324	USER
user325	USER
user326	USER
user327	USER
user328	USER
user329	USER
user330	USER
user331	USER
user332	USER
user333	USER
user334	USER
user335	USER
user336	USER
user337	USER
user338	USER
user339	USER
user340	USER
user341	USER
user342	USER
user343	USER
user344	USER
user345	USER
user346	USER
user347	USER
user348	USER
user349	USER
user350	USER
user351	USER
user352	USER
user353	USER
user354	USER
user355	USER
user356	USER
user357	USER
user358	USER
user359	USER
user360	USER
user361	USER
user362	USER
user363	USER
user364	USER
user365	USER
user366	USER
user367	USER
user368	USER
user369	USER
user370	USER
user371	USER
user372	USER
user373	USER
user374	USER
user375	USER
user376	USER
user377	USER
user378	USER
user379	USER
user380	USER
user381	USER
user382	USER
user383	USER
user384	USER
user385	USER
user386	USER
user387	USER
user388	USER
user389	USER
user390	USER
user391	USER
user392	USER
user393	USER
user394	USER
user395	USER
user396	USER
user397	USER
user398	USER
user399	USER
user400	USER
user401	USER
user402	USER
user403	USER
user404	USER
user405	USER
user406	USER
user407	USER
user408	USER
user409	USER
user410	USER
user411	USER
user412	USER
user413	USER
user414	USER
user415	USER
user416	USER
user417	USER
user418	USER
user419	USER
user420	USER
user421	USER
user422	USER
user423	USER
user424	USER
user425	USER
user426	USER
user427	USER
user428	USER
user429	USER
user430	USER
user431	USER
user432	USER
user433	USER
user434	USER
user435	USER
user436	USER
user437	USER
user438	USER
user439	USER
user440	USER
user441	USER
user442	USER
user443	USER
user444	USER
user445	USER
user446	USER
user447	USER
user448	USER
user449	USER
user450	USER
user451	USER
user452	USER
user453	USER
user454	USER
user455	USER
user456	USER
user457	USER
user458	USER
user459	USER
user460	USER
user461	USER
user462	USER
user463	USER
user464	USER
user465	USER
user466	USER
user467	USER
user468	USER
user469	USER
user470	USER
user471	USER
user472	USER
user473	USER
user474	USER
user475	USER
user476	USER
user477	USER
user478	USER
user479	USER
user480	USER
user481	USER
user482	USER
user483	USER
user484	USER
user485	USER
user486	USER
user487	USER
user488	USER
user489	USER
user490	USER
user491	USER
user492	USER
user493	USER
user494	USER
user495	USER
user496	USER
user497	USER
user498	USER
user499	USER
\.


--
-- TOC entry 3525 (class 0 OID 0)
-- Dependencies: 262
-- Name: group_sequence; Type: SEQUENCE SET; Schema: public; Owner: postgres
--

SELECT pg_catalog.setval('public.group_sequence', 36, true);


--
-- TOC entry 3526 (class 0 OID 0)
-- Dependencies: 266
-- Name: order_sequence; Type: SEQUENCE SET; Schema: public; Owner: postgres
--

SELECT pg_catalog.setval('public.order_sequence', 994, true);


--
-- TOC entry 3527 (class 0 OID 0)
-- Dependencies: 268
-- Name: product_sequence; Type: SEQUENCE SET; Schema: public; Owner: postgres
--

SELECT pg_catalog.setval('public.product_sequence', 2001, true);


--
-- TOC entry 3528 (class 0 OID 0)
-- Dependencies: 270
-- Name: purchase_sequence; Type: SEQUENCE SET; Schema: public; Owner: postgres
--

SELECT pg_catalog.setval('public.purchase_sequence', 5432, true);


--
-- TOC entry 3336 (class 2606 OID 17392)
-- Name: groups groups_pkey; Type: CONSTRAINT; Schema: public; Owner: postgres
--

ALTER TABLE ONLY public.groups
    ADD CONSTRAINT groups_pkey PRIMARY KEY (id);


--
-- TOC entry 3340 (class 2606 OID 17394)
-- Name: groups_products groups_products_pkey; Type: CONSTRAINT; Schema: public; Owner: postgres
--

ALTER TABLE ONLY public.groups_products
    ADD CONSTRAINT groups_products_pkey PRIMARY KEY (group_id, product_id);


--
-- TOC entry 3344 (class 2606 OID 17396)
-- Name: groups_relations groups_relations_pkey; Type: CONSTRAINT; Schema: public; Owner: postgres
--

ALTER TABLE ONLY public.groups_relations
    ADD CONSTRAINT groups_relations_pkey PRIMARY KEY (group_id, child_id);


--
-- TOC entry 3348 (class 2606 OID 17398)
-- Name: orders orders_pkey; Type: CONSTRAINT; Schema: public; Owner: postgres
--

ALTER TABLE ONLY public.orders
    ADD CONSTRAINT orders_pkey PRIMARY KEY (id);


--
-- TOC entry 3350 (class 2606 OID 17400)
-- Name: products products_pkey; Type: CONSTRAINT; Schema: public; Owner: postgres
--

ALTER TABLE ONLY public.products
    ADD CONSTRAINT products_pkey PRIMARY KEY (id);


--
-- TOC entry 3354 (class 2606 OID 17402)
-- Name: purchases purchases_pkey; Type: CONSTRAINT; Schema: public; Owner: postgres
--

ALTER TABLE ONLY public.purchases
    ADD CONSTRAINT purchases_pkey PRIMARY KEY (id);


--
-- TOC entry 3356 (class 2606 OID 17404)
-- Name: roles roles_pkey; Type: CONSTRAINT; Schema: public; Owner: postgres
--

ALTER TABLE ONLY public.roles
    ADD CONSTRAINT roles_pkey PRIMARY KEY (name);


--
-- TOC entry 3338 (class 2606 OID 17406)
-- Name: groups uk_8mf0is8024pqmwjxgldfe54l7; Type: CONSTRAINT; Schema: public; Owner: postgres
--

ALTER TABLE ONLY public.groups
    ADD CONSTRAINT uk_8mf0is8024pqmwjxgldfe54l7 UNIQUE (name);


--
-- TOC entry 3346 (class 2606 OID 17408)
-- Name: groups_relations uk_agckqobouhwitsq0ia10g37uu; Type: CONSTRAINT; Schema: public; Owner: postgres
--

ALTER TABLE ONLY public.groups_relations
    ADD CONSTRAINT uk_agckqobouhwitsq0ia10g37uu UNIQUE (child_id);


--
-- TOC entry 3352 (class 2606 OID 17410)
-- Name: products uk_o61fmio5yukmmiqgnxf8pnavn; Type: CONSTRAINT; Schema: public; Owner: postgres
--

ALTER TABLE ONLY public.products
    ADD CONSTRAINT uk_o61fmio5yukmmiqgnxf8pnavn UNIQUE (name);


--
-- TOC entry 3342 (class 2606 OID 17412)
-- Name: groups_products uk_tk50mm3mvdrx38dlv0jbtp01v; Type: CONSTRAINT; Schema: public; Owner: postgres
--

ALTER TABLE ONLY public.groups_products
    ADD CONSTRAINT uk_tk50mm3mvdrx38dlv0jbtp01v UNIQUE (product_id);


--
-- TOC entry 3358 (class 2606 OID 17414)
-- Name: users users_pkey; Type: CONSTRAINT; Schema: public; Owner: postgres
--

ALTER TABLE ONLY public.users
    ADD CONSTRAINT users_pkey PRIMARY KEY (login);


--
-- TOC entry 3360 (class 2606 OID 17416)
-- Name: users_roles users_roles_pkey; Type: CONSTRAINT; Schema: public; Owner: postgres
--

ALTER TABLE ONLY public.users_roles
    ADD CONSTRAINT users_roles_pkey PRIMARY KEY (user_id, role_id);


--
-- TOC entry 3368 (class 2606 OID 17417)
-- Name: users_roles fk2o0jvgh89lemvvo17cbqvdxaa; Type: FK CONSTRAINT; Schema: public; Owner: postgres
--

ALTER TABLE ONLY public.users_roles
    ADD CONSTRAINT fk2o0jvgh89lemvvo17cbqvdxaa FOREIGN KEY (user_id) REFERENCES public.users(login);


--
-- TOC entry 3363 (class 2606 OID 17422)
-- Name: groups_relations fk5k20ekc7xbb81oetinynyy6pq; Type: FK CONSTRAINT; Schema: public; Owner: postgres
--

ALTER TABLE ONLY public.groups_relations
    ADD CONSTRAINT fk5k20ekc7xbb81oetinynyy6pq FOREIGN KEY (group_id) REFERENCES public.groups(id);


--
-- TOC entry 3361 (class 2606 OID 17427)
-- Name: groups_products fk9ecxmmu3y6lxsbxghakiselre; Type: FK CONSTRAINT; Schema: public; Owner: postgres
--

ALTER TABLE ONLY public.groups_products
    ADD CONSTRAINT fk9ecxmmu3y6lxsbxghakiselre FOREIGN KEY (product_id) REFERENCES public.products(id);


--
-- TOC entry 3362 (class 2606 OID 17432)
-- Name: groups_products fkaac0okfr0b29bnnne920o7d4k; Type: FK CONSTRAINT; Schema: public; Owner: postgres
--

ALTER TABLE ONLY public.groups_products
    ADD CONSTRAINT fkaac0okfr0b29bnnne920o7d4k FOREIGN KEY (group_id) REFERENCES public.groups(id);


--
-- TOC entry 3366 (class 2606 OID 17437)
-- Name: purchases fkcacbvw28fu31rv1vrhnkcbe28; Type: FK CONSTRAINT; Schema: public; Owner: postgres
--

ALTER TABLE ONLY public.purchases
    ADD CONSTRAINT fkcacbvw28fu31rv1vrhnkcbe28 FOREIGN KEY (product_id) REFERENCES public.products(id);


--
-- TOC entry 3364 (class 2606 OID 17442)
-- Name: groups_relations fkek5u4gheaex9xlegham26yh92; Type: FK CONSTRAINT; Schema: public; Owner: postgres
--

ALTER TABLE ONLY public.groups_relations
    ADD CONSTRAINT fkek5u4gheaex9xlegham26yh92 FOREIGN KEY (child_id) REFERENCES public.groups(id);


--
-- TOC entry 3367 (class 2606 OID 17447)
-- Name: purchases fkggo75366vlws6fp6684tmem1a; Type: FK CONSTRAINT; Schema: public; Owner: postgres
--

ALTER TABLE ONLY public.purchases
    ADD CONSTRAINT fkggo75366vlws6fp6684tmem1a FOREIGN KEY (order_id) REFERENCES public.orders(id);


--
-- TOC entry 3369 (class 2606 OID 17452)
-- Name: users_roles fkj6m8fwv7oqv74fcehir1a9ffy; Type: FK CONSTRAINT; Schema: public; Owner: postgres
--

ALTER TABLE ONLY public.users_roles
    ADD CONSTRAINT fkj6m8fwv7oqv74fcehir1a9ffy FOREIGN KEY (role_id) REFERENCES public.roles(name);


--
-- TOC entry 3365 (class 2606 OID 17457)
-- Name: orders fkqt1ft8tcj6cca719qs8cpgoci; Type: FK CONSTRAINT; Schema: public; Owner: postgres
--

ALTER TABLE ONLY public.orders
    ADD CONSTRAINT fkqt1ft8tcj6cca719qs8cpgoci FOREIGN KEY (user_login) REFERENCES public.users(login);


-- Completed on 2023-10-22 09:27:15

--
-- PostgreSQL database dump complete
--

